V4 Section ,V5 Section (May not exist) 
HALB-I140,HALB-I140
HALB-I160,HALB-I160
HALB-I180,HALB-I180
HALB-I200,HALB-I200
HALB-I220,HALB-I220
HALB-I240,HALB-I240
HALB-I260,HALB-I260
HALB-I280,HALB-I280
HALB-I300,HALB-I300
HALB-I320,HALB-I320
HALB-I340,HALB-I340
HALB-I360,HALB-I360
HALB-I380,HALB-I380
HALB-I400,HALB-I400
HALB-I425,HALB-I425
HALB-I450,HALB-I450
HALB-I475,HALB-I475
HALB-I500,HALB-I500
HALB-IPB1000,HALB-IPB1000
HALB-IPB140,HALB-IPB140
HALB-IPB160,HALB-IPB160
HALB-IPB180,HALB-IPB180
HALB-IPB200,HALB-IPB200
HALB-IPB220,HALB-IPB220
HALB-IPB240,HALB-IPB240
HALB-IPB260,HALB-IPB260
HALB-IPB280,HALB-IPB280
HALB-IPB300,HALB-IPB300
HALB-IPB320,HALB-IPB320
HALB-IPB340,HALB-IPB340
HALB-IPB360,HALB-IPB360
HALB-IPB400,HALB-IPB400
HALB-IPB450,HALB-IPB450
HALB-IPB500,HALB-IPB500
HALB-IPB550,HALB-IPB550
HALB-IPB600,HALB-IPB600
HALB-IPB650,HALB-IPB650
HALB-IPB700,HALB-IPB700
HALB-IPB800,HALB-IPB800
HALB-IPB900,HALB-IPB900
HALB-IPBL1000,HALB-IPBL1000
HALB-IPBL140,HALB-IPBL140
HALB-IPBL160,HALB-IPBL160
HALB-IPBL180,HALB-IPBL180
HALB-IPBL200,HALB-IPBL200
HALB-IPBL220,HALB-IPBL220
HALB-IPBL240,HALB-IPBL240
HALB-IPBL260,HALB-IPBL260
HALB-IPBL280,HALB-IPBL280
HALB-IPBL300,HALB-IPBL300
HALB-IPBL320,HALB-IPBL320
HALB-IPBL340,HALB-IPBL340
HALB-IPBL360,HALB-IPBL360
HALB-IPBL400,HALB-IPBL400
HALB-IPBL450,HALB-IPBL450
HALB-IPBL500,HALB-IPBL500
HALB-IPBL550,HALB-IPBL550
HALB-IPBL600,HALB-IPBL600
HALB-IPBL650,HALB-IPBL650
HALB-IPBL700,HALB-IPBL700
HALB-IPBL800,HALB-IPBL800
HALB-IPBL900,HALB-IPBL900
HALB-IPBV1000,HALB-IPBV1000
HALB-IPBV140,HALB-IPBV140
HALB-IPBV160,HALB-IPBV160
HALB-IPBV180,HALB-IPBV180
HALB-IPBV200,HALB-IPBV200
HALB-IPBV220,HALB-IPBV220
HALB-IPBV240,HALB-IPBV240
HALB-IPBV260,HALB-IPBV260
HALB-IPBV280,HALB-IPBV280
HALB-IPBV300,HALB-IPBV300
HALB-IPBV320,HALB-IPBV320
HALB-IPBV320/305,HALB-IPBV320/305
HALB-IPBV340,HALB-IPBV340
HALB-IPBV360,HALB-IPBV360
HALB-IPBV400,HALB-IPBV400
HALB-IPBV450,HALB-IPBV450
HALB-IPBV500,HALB-IPBV500
HALB-IPBV550,HALB-IPBV550
HALB-IPBV600,HALB-IPBV600
HALB-IPBV650,HALB-IPBV650
HALB-IPBV700,HALB-IPBV700
HALB-IPBV800,HALB-IPBV800
HALB-IPBV900,HALB-IPBV900
HALB-IPE140,HALB-IPE140
HALB-IPE160,HALB-IPE160
HALB-IPE180,HALB-IPE180
HALB-IPE200,HALB-IPE200
HALB-IPE220,HALB-IPE220
HALB-IPE240,HALB-IPE240
HALB-IPE270,HALB-IPE270
HALB-IPE300,HALB-IPE300
HALB-IPE330,HALB-IPE330
HALB-IPE360,HALB-IPE360
HALB-IPE400,HALB-IPE400
HALB-IPE450,HALB-IPE450
HALB-IPE500,HALB-IPE500
HALB-IPE550,HALB-IPE550
HALB-IPE600,HALB-IPE600
HALB-IPEO180,HALB-IPEO180
HALB-IPEO200,HALB-IPEO200
HALB-IPEO220,HALB-IPEO220
HALB-IPEO240,HALB-IPEO240
HALB-IPEO270,HALB-IPEO270
HALB-IPEO300,HALB-IPEO300
HALB-IPEO330,HALB-IPEO330
HALB-IPEO360,HALB-IPEO360
HALB-IPEO400,HALB-IPEO400
HALB-IPEO450,HALB-IPEO450
HALB-IPEO500,HALB-IPEO500
HALB-IPEO550,HALB-IPEO550
HALB-IPEO600,HALB-IPEO600
HALB-IPEV400,HALB-IPEV400
HALB-IPEV450,HALB-IPEV450
HALB-IPEV500,HALB-IPEV500
HALB-IPEV550,HALB-IPEV550
HALB-IPEV600,HALB-IPEV600
HK100*3.2,HK100x3.2
HK100*4.0,HK100x4.0
HK100*5.0,HK100x5.0
HK100*6.3,HK100x6.3
HK100*60*2.6,HK100x60x2.6
HK100*60*3.2,HK100x60x3.2
HK100*60*4.0,HK100x60x4.0
HK100*60*5.0,HK100x60x5.0
HK100*60*6.3,HK100x60x6.3
HK110*70*3.2,HK110x70x3.2
HK110*70*4.0,HK110x70x4.0
HK110*70*5.0,HK110x70x5.0
HK110*70*6.3,HK110x70x6.3
HK120*3.2,HK120x3.2
HK120*4.0,HK120x4.0
HK120*5.0,HK120x5.0
HK120*6.3,HK120x6.3
HK120*60*3.2,HK120x60x3.2
HK120*60*4.0,HK120x60x4.0
HK120*60*5.0,HK120x60x5.0
HK120*60*6.3,HK120x60x6.3
HK120*8.0,HK120x8.0
HK120*80*3.2,HK120x80x3.2
HK120*80*4.0,HK120x80x4.0
HK120*80*5.0,HK120x80x5.0
HK120*80*6.3,HK120x80x6.3
HK140*10.0,HK140x10.0
HK140*4.0,HK140x4.0
HK140*5.0,HK140x5.0
HK140*6.3,HK140x6.3
HK140*8.0,HK140x8.0
HK140*80*3.2,HK140x80x3.2
HK140*80*4.0,HK140x80x4.0
HK140*80*5.0,HK140x80x5.0
HK140*80*6.3,HK140x80x6.3
HK150*10.0,HK150x10.0
HK150*100*3.2,HK150x100x3.2
HK150*100*4.0,HK150x100x4.0
HK150*100*5.0,HK150x100x5.0
HK150*100*6.3,HK150x100x6.3
HK150*100*8.0,HK150x100x8.0
HK150*4.0,HK150x4.0
HK150*5.0,HK150x5.0
HK150*6.3,HK150x6.3
HK150*8.0,HK150x8.0
HK160*10.0,HK160x10.0
HK160*4.0,HK160x4.0
HK160*5.0,HK160x5.0
HK160*6.3,HK160x6.3
HK160*8.0,HK160x8.0
HK160*80*3.2,HK160x80x3.2
HK160*80*4.0,HK160x80x4.0
HK160*80*5.0,HK160x80x5.0
HK160*80*6.3,HK160x80x6.3
HK160*80*8.0,HK160x80x8.0
HK180*10.0,HK180x10.0
HK180*100*10.0,HK180x100x10.0
HK180*100*4.0,HK180x100x4.0
HK180*100*5.0,HK180x100x5.0
HK180*100*6.3,HK180x100x6.3
HK180*100*8.0,HK180x100x8.0
HK180*12.5,HK180x12.5
HK180*4.0,HK180x4.0
HK180*5.0,HK180x5.0
HK180*6.3,HK180x6.3
HK180*8.0,HK180x8.0
HK20*1.6,HK20x1.6
HK20*2.0,HK20x2.0
HK200*10.0,HK200x10.0
HK200*100*10.0,HK200x100x10.0
HK200*100*4.0,HK200x100x4.0
HK200*100*5.0,HK200x100x5.0
HK200*100*6.3,HK200x100x6.3
HK200*100*8.0,HK200x100x8.0
HK200*12.5,HK200x12.5
HK200*120*10.0,HK200x120x10.0
HK200*120*4.0,HK200x120x4.0
HK200*120*5.0,HK200x120x5.0
HK200*120*6.3,HK200x120x6.3
HK200*120*8.0,HK200x120x8.0
HK200*5.0,HK200x5.0
HK200*6.3,HK200x6.3
HK200*8.0,HK200x8.0
HK220*10.0,HK220x10.0
HK220*12.5,HK220x12.5
HK220*140*10.0,HK220x140x10.0
HK220*140*4.0,HK220x140x4.0
HK220*140*5.0,HK220x140x5.0
HK220*140*6.3,HK220x140x6.3
HK220*140*8.0,HK220x140x8.0
HK220*5.0,HK220x5.0
HK220*6.3,HK220x6.3
HK220*8.0,HK220x8.0
HK250*10.0,HK250x10.0
HK250*12.5,HK250x12.5
HK250*150*10.0,HK250x150x10.0
HK250*150*12.5,HK250x150x12.5
HK250*150*5.0,HK250x150x5.0
HK250*150*6.3,HK250x150x6.3
HK250*150*8.0,HK250x150x8.0
HK250*5.0,HK250x5.0
HK250*6.3,HK250x6.3
HK250*8.0,HK250x8.0
HK260*10.0,HK260x10.0
HK260*12.5,HK260x12.5
HK260*180*10.0,HK260x180x10.0
HK260*180*12.5,HK260x180x12.5
HK260*180*5.0,HK260x180x5.0
HK260*180*6.3,HK260x180x6.3
HK260*180*8.0,HK260x180x8.0
HK260*5.0,HK260x5.0
HK260*6.3,HK260x6.3
HK260*8.0,HK260x8.0
HK280*10.0,HK280x10.0
HK280*12.5,HK280x12.5
HK280*6.3,HK280x6.3
HK280*8.0,HK280x8.0
HK30*1.6,HK30x1.6
HK30*2.0,HK30x2.0
HK30*2.6,HK30x2.6
HK300*10.0,HK300x10.0
HK300*12.5,HK300x12.5
HK300*200*10.0,HK300x200x10.0
HK300*200*12.5,HK300x200x12.5
HK300*200*5.0,HK300x200x5.0
HK300*200*6.3,HK300x200x6.3
HK300*200*8.0,HK300x200x8.0
HK300*6.3,HK300x6.3
HK300*8.0,HK300x8.0
HK320*10.0,HK320x10.0
HK320*12.5,HK320x12.5
HK320*200*10.0,HK320x200x10.0
HK320*200*12.5,HK320x200x12.5
HK320*200*6.3,HK320x200x6.3
HK320*200*8.0,HK320x200x8.0
HK320*6.3,HK320x6.3
HK320*8.0,HK320x8.0
HK350*10.0,HK350x10.0
HK350*12.5,HK350x12.5
HK350*6.3,HK350x6.3
HK350*8.0,HK350x8.0
HK360*200*10.0,HK360x200x10.0
HK360*200*12.5,HK360x200x12.5
HK360*200*6.3,HK360x200x6.3
HK360*200*8.0,HK360x200x8.0
HK40*1.6,HK40x1.6
HK40*2.0,HK40x2.0
HK40*2.6,HK40x2.6
HK40*20*1.6,HK40x20x1.6
HK40*20*2.0,HK40x20x2.0
HK40*20*2.6,HK40x20x2.6
HK40*3.2,HK40x3.2
HK40*4.0,HK40x4.0
HK400*10.0,HK400x10.0
HK400*12.5,HK400x12.5
HK400*200*10.0,HK400x200x10.0
HK400*200*12.5,HK400x200x12.5
HK400*200*6.3,HK400x200x6.3
HK400*200*8.0,HK400x200x8.0
HK400*8.0,HK400x8.0
HK450*250*10.0,HK450x250x10.0
HK450*250*12.5,HK450x250x12.5
HK450*250*6.3,HK450x250x6.3
HK450*250*8.0,HK450x250x8.0
HK50*1.6,HK50x1.6
HK50*2.0,HK50x2.0
HK50*2.6,HK50x2.6
HK50*3.2,HK50x3.2
HK50*30*1.6,HK50x30x1.6
HK50*30*2.0,HK50x30x2.0
HK50*30*2.6,HK50x30x2.6
HK50*30*3.2,HK50x30x3.2
HK50*30*4.0,HK50x30x4.0
HK50*4.0,HK50x4.0
HK50*5.0,HK50x5.0
HK500*300*10.0,HK500x300x10.0
HK500*300*12.5,HK500x300x12.5
HK500*300*8.0,HK500x300x8.0
HK60*2.0,HK60x2.0
HK60*2.6,HK60x2.6
HK60*3.2,HK60x3.2
HK60*4.0,HK60x4.0
HK60*40*1.6,HK60x40x1.6
HK60*40*2.0,HK60x40x2.0
HK60*40*2.6,HK60x40x2.6
HK60*40*3.2,HK60x40x3.2
HK60*40*4.0,HK60x40x4.0
HK60*40*5.0,HK60x40x5.0
HK60*5.0,HK60x5.0
HK70*2.6,HK70x2.6
HK70*3.2,HK70x3.2
HK70*4.0,HK70x4.0
HK70*5.0,HK70x5.0
HK80*2.6,HK80x2.6
HK80*3.2,HK80x3.2
HK80*4.0,HK80x4.0
HK80*40*2.0,HK80x40x2.0
HK80*40*2.6,HK80x40x2.6
HK80*40*3.2,HK80x40x3.2
HK80*40*4.0,HK80x40x4.0
HK80*40*5.0,HK80x40x5.0
HK80*5.0,HK80x5.0
HK80*6.3,HK80x6.3
HK90*3.2,HK90x3.2
HK90*4.0,HK90x4.0
HK90*5.0,HK90x5.0
HK90*50*2.6,HK90x50x2.6
HK90*50*3.2,HK90x50x3.2
HK90*50*4.0,HK90x50x4.0
HK90*50*5.0,HK90x50x5.0
HK90*6.3,HK90x6.3
HW100*4.0,HW100x4.0
HW100*5.0,HW100x5.0
HW100*50*3.6,HW100x50x3.6
HW100*50*4.5,HW100x50x4.5
HW100*50*5.6,HW100x50x5.6
HW100*6.3,HW100x6.3
HW100*60*3.6,HW100x60x3.6
HW100*60*4.5,HW100x60x4.5
HW100*60*5.6,HW100x60x5.6
HW120*4.5,HW120x4.5
HW120*5.6,HW120x5.6
HW120*6.3,HW120x6.3
HW120*60*4.0,HW120x60x4.0
HW120*60*5.0,HW120x60x5.0
HW120*60*6.3,HW120x60x6.3
HW140*5.6,HW140x5.6
HW140*7.1,HW140x7.1
HW140*8.8,HW140x8.8
HW140*80*4.0,HW140x80x4.0
HW140*80*5.0,HW140x80x5.0
HW140*80*6.3,HW140x80x6.3
HW160*10.0,HW160x10.0
HW160*6.3,HW160x6.3
HW160*8.0,HW160x8.0
HW160*90*4.5,HW160x90x4.5
HW160*90*5.6,HW160x90x5.6
HW160*90*7.1,HW160x90x7.1
HW180*10.0,HW180x10.0
HW180*100*5.6,HW180x100x5.6
HW180*100*7.1,HW180x100x7.1
HW180*100*8.8,HW180x100x8.8
HW180*6.3,HW180x6.3
HW180*8.0,HW180x8.0
HW200*10.0,HW200x10.0
HW200*120*10.0,HW200x120x10.0
HW200*120*6.3,HW200x120x6.3
HW200*120*8.0,HW200x120x8.0
HW200*6.3,HW200x6.3
HW200*8.0,HW200x8.0
HW220*10.0,HW220x10.0
HW220*120*10.0,HW220x120x10.0
HW220*120*6.3,HW220x120x6.3
HW220*120*8.0,HW220x120x8.0
HW220*6.3,HW220x6.3
HW220*8.0,HW220x8.0
HW260*11.0,HW260x11.0
HW260*140*10.0,HW260x140x10.0
HW260*140*6.3,HW260x140x6.3
HW260*140*8.0,HW260x140x8.0
HW260*180*10.0,HW260x180x10.0
HW260*180*6.3,HW260x180x6.3
HW260*180*8.0,HW260x180x8.0
HW260*7.1,HW260x7.1
HW260*8.8,HW260x8.8
HW280*10.0,HW280x10.0
HW280*12.5,HW280x12.5
HW280*180*11.0,HW280x180x11.0
HW280*180*7.1,HW280x180x7.1
HW280*180*8.8,HW280x180x8.8
HW280*220*10.0,HW280x220x10.0
HW280*220*12.5,HW280x220x12.5
HW280*220*8.0,HW280x220x8.0
HW280*8.0,HW280x8.0
HW320*10.0,HW320x10.0
HW320*12.5,HW320x12.5
HW320*16.0,HW320x16.0
HW320*180*10.0,HW320x180x10.0
HW320*180*12.5,HW320x180x12.5
HW320*180*8.8,HW320x180x8.8
HW320*220* 8.8,HW320x220x 8.8
HW320*220*10.0,HW320x220x10.0
HW320*220*12.5,HW320x220x12.5
HW360*10.0,HW360x10.0
HW360*12.5,HW360x12.5
HW360*16.0,HW360x16.0
HW360*220*10.0,HW360x220x10.0
HW360*220*12.5,HW360x220x12.5
HW360*220*16.0,HW360x220x16.0
HW40*2.9,HW40x2.9
HW40*4.0,HW40x4.0
HW400*12.5,HW400x12.5
HW400*16.0,HW400x16.0
HW400*20.0,HW400x20.0
HW400*260*11.0,HW400x260x11.0
HW400*260*14.2,HW400x260x14.2
HW400*260*17.5,HW400x260x17.5
HW50*2.9,HW50x2.9
HW50*30*2.9,HW50x30x2.9
HW50*30*4.0,HW50x30x4.0
HW50*4.0,HW50x4.0
HW60*2.9,HW60x2.9
HW60*4.0,HW60x4.0
HW60*40*2.9,HW60x40x2.9
HW60*40*4.0,HW60x40x4.0
HW60*5.0,HW60x5.0
HW70*3.2,HW70x3.2
HW70*4.0,HW70x4.0
HW70*40*2.9,HW70x40x2.9
HW70*40*4.0,HW70x40x4.0
HW70*5.0,HW70x5.0
HW80*3.6,HW80x3.6
HW80*4.5,HW80x4.5
HW80*40*2.9,HW80x40x2.9
HW80*40*4.0,HW80x40x4.0
HW80*40*5.0,HW80x40x5.0
HW80*5.6,HW80x5.6
HW90*3.6,HW90x3.6
HW90*4.5,HW90x4.5
HW90*5.6,HW90x5.6
HW90*50*3.2,HW90x50x3.2
HW90*50*4.0,HW90x50x4.0
HW90*50*5.0,HW90x50x5.0
I100,I100
I120,I120
I140,I140
I160,I160
I180,I180
I200,I200
I220,I220
I240,I240
I260,I260
I280,I280
I300,I300
I320,I320
I340,I340
I360,I360
I380,I380
I400,I400
I425,I425
I450,I450
I475,I475
I500,I500
I550,I550
I600,I600
I80,I80
IPB100,IPB100
IPB1000,IPB1000
IPB120,IPB120
IPB140,IPB140
IPB160,IPB160
IPB180,IPB180
IPB200,IPB200
IPB220,IPB220
IPB240,IPB240
IPB260,IPB260
IPB280,IPB280
IPB300,IPB300
IPB320,IPB320
IPB340,IPB340
IPB360,IPB360
IPB400,IPB400
IPB450,IPB450
IPB500,IPB500
IPB550,IPB550
IPB600,IPB600
IPB650,IPB650
IPB700,IPB700
IPB800,IPB800
IPB900,IPB900
IPBL100,IPBL100
IPBL1000,IPBL1000
IPBL120,IPBL120
IPBL140,IPBL140
IPBL160,IPBL160
IPBL180,IPBL180
IPBL200,IPBL200
IPBL220,IPBL220
IPBL240,IPBL240
IPBL260,IPBL260
IPBL280,IPBL280
IPBL300,IPBL300
IPBL320,IPBL320
IPBL340,IPBL340
IPBL360,IPBL360
IPBL400,IPBL400
IPBL450,IPBL450
IPBL500,IPBL500
IPBL550,IPBL550
IPBL600,IPBL600
IPBL650,IPBL650
IPBL700,IPBL700
IPBL800,IPBL800
IPBL900,IPBL900
IPBS1000/400-1,IPBS1000/400-1
IPBS1000/400-2,IPBS1000/400-2
IPBS1000/400-3,IPBS1000/400-3
IPBS360/380-1,IPBS360/380-1
IPBS360/380-2,IPBS360/380-2
IPBS360/380-3,IPBS360/380-3
IPBS360/380-4,IPBS360/380-4
IPBS360/380-5,IPBS360/380-5
IPBS360/380-6,IPBS360/380-6
IPBS500/350-1,IPBS500/350-1
IPBS500/350-2,IPBS500/350-2
IPBS500/350-3,IPBS500/350-3
IPBS600/350-1,IPBS600/350-1
IPBS600/350-2,IPBS600/350-2
IPBS600/350-3,IPBS600/350-3
IPBS700/380-1,IPBS700/380-1
IPBS700/380-2,IPBS700/380-2
IPBS700/380-3,IPBS700/380-3
IPBV100,IPBV100
IPBV1000,IPBV1000
IPBV120,IPBV120
IPBV140,IPBV140
IPBV160,IPBV160
IPBV180,IPBV180
IPBV200,IPBV200
IPBV220,IPBV220
IPBV240,IPBV240
IPBV260,IPBV260
IPBV280,IPBV280
IPBV300,IPBV300
IPBV320,IPBV320
IPBV320/305,IPBV320/305
IPBV340,IPBV340
IPBV360,IPBV360
IPBV400,IPBV400
IPBV450,IPBV450
IPBV500,IPBV500
IPBV550,IPBV550
IPBV600,IPBV600
IPBV650,IPBV650
IPBV700,IPBV700
IPBV800,IPBV800
IPBV900,IPBV900
IPE100,IPE100
IPE120,IPE120
IPE140,IPE140
IPE160,IPE160
IPE180,IPE180
IPE200,IPE200
IPE220,IPE220
IPE240,IPE240
IPE270,IPE270
IPE300,IPE300
IPE330,IPE330
IPE360,IPE360
IPE400,IPE400
IPE450,IPE450
IPE500,IPE500
IPE550,IPE550
IPE600,IPE600
IPE80,IPE80
IPEO180,IPEO180
IPEO200,IPEO200
IPEO220,IPEO220
IPEO240,IPEO240
IPEO270,IPEO270
IPEO300,IPEO300
IPEO330,IPEO330
IPEO360,IPEO360
IPEO400,IPEO400
IPEO450,IPEO450
IPEO500,IPEO500
IPEO550,IPEO550
IPEO600,IPEO600
IPES741,IPES741
IPES744,IPES744
IPES747,IPES747
IPES750,IPES750
IPES753,IPES753
IPES756,IPES756
IPES760,IPES760
IPES763,IPES763
IPES766,IPES766
IPEV400,IPEV400
IPEV450,IPEV450
IPEV500,IPEV500
IPEV550,IPEV550
IPEV600,IPEV600
L100*10,L100x10
L100*12,L100x12
L100*50*10,L100x50x10
L100*50*6,L100x50x6
L100*50*8,L100x50x8
L100*65*11,L100x65x11
L100*65*7,L100x65x7
L100*65*9,L100x65x9
L100*75*11,L100x75x11
L100*75*7,L100x75x7
L100*75*9,L100x75x9
L100*8,L100x8
L110*10,L110x10
L120*10,L120x10
L120*11,L120x11
L120*12,L120x12
L120*80*10,L120x80x10
L120*80*12,L120x80x12
L120*80*8,L120x80x8
L130*12,L130x12
L130*65*10,L130x65x10
L130*65*12,L130x65x12
L130*65*8,L130x65x8
L130*90*12,L130x90x12
L140*13,L140x13
L150*100*10,L150x100x10
L150*100*12,L150x100x12
L150*100*14,L150x100x14
L150*12,L150x12
L150*14,L150x14
L150*15,L150x15
L150*75*11,L150x75x11
L150*75*9,L150x75x9
L160*15,L160x15
L160*17,L160x17
L160*80*12,L160x80x12
L180*16,L180x16
L180*18,L180x18
L180*90*10,L180x90x10
L180*90*12,L180x90x12
L20*3,L20x3
L200*100*10,L200x100x10
L200*100*12,L200x100x12
L200*100*14,L200x100x14
L200*16,L200x16
L200*18,L200x18
L200*20,L200x20
L200*24,L200x24
L25*3,L25x3
L25*4,L25x4
L30*20*3,L30x20x3
L30*20*4,L30x20x4
L30*3,L30x3
L30*4,L30x4
L30*5,L30x5
L35*4,L35x4
L35*5,L35x5
L40*20*3,L40x20x3
L40*20*4,L40x20x4
L40*25*4,L40x25x4
L40*4,L40x4
L40*5,L40x5
L45*30*3,L45x30x3
L45*30*4,L45x30x4
L45*30*5,L45x30x5
L45*4,L45x4
L45*5,L45x5
L50*30*4,L50x30x4
L50*30*5,L50x30x5
L50*40*4,L50x40x4
L50*40*5,L50x40x5
L50*5,L50x5
L50*6,L50x6
L50*7,L50x7
L55*6,L55x6
L60*30*5,L60x30x5
L60*40*5,L60x40x5
L60*40*6,L60x40x6
L60*40*7,L60x40x7
L60*5,L60x5
L60*6,L60x6
L60*8,L60x8
L65*50*5,L65x50x5
L65*50*7,L65x50x7
L65*50*9,L65x50x9
L65*7,L65x7
L70*50*6,L70x50x6
L70*6,L70x6
L70*7,L70x7
L70*9,L70x9
L75*50*7,L75x50x7
L75*50*9,L75x50x9
L75*55*5,L75x55x5
L75*55*7,L75x55x7
L75*55*9,L75x55x9
L75*7,L75x7
L75*8,L75x8
L80*10,L80x10
L80*40*6,L80x40x6
L80*40*8,L80x40x8
L80*6,L80x6
L80*60*7,L80x60x7
L80*65*10,L80x65x10
L80*65*8,L80x65x8
L80*8,L80x8
L90*60*6,L90x60x6
L90*60*8,L90x60x8
L90*7,L90x7
L90*9,L90x9
LL100*50*10,LL100x50x10
LL100*50*6,LL100x50x6
LL100*50*8,LL100x50x8
LL100*65*11,LL100x65x11
LL100*65*7,LL100x65x7
LL100*65*9,LL100x65x9
LL100*75*11,LL100x75x11
LL100*75*7,LL100x75x7
LL100*75*9,LL100x75x9
LL120*80*10,LL120x80x10
LL120*80*12,LL120x80x12
LL120*80*8,LL120x80x8
LL130*65*10,LL130x65x10
LL130*65*12,LL130x65x12
LL130*65*8,LL130x65x8
LL130*90*12,LL130x90x12
LL150*100*10,LL150x100x10
LL150*100*12,LL150x100x12
LL150*100*14,LL150x100x14
LL150*75*11,LL150x75x11
LL150*75*9,LL150x75x9
LL160*80*12,LL160x80x12
LL180*90*10,LL180x90x10
LL180*90*12,LL180x90x12
LL200*100*10,LL200x100x10
LL200*100*12,LL200x100x12
LL200*100*14,LL200x100x14
LL30*20*3,LL30x20x3
LL30*20*4,LL30x20x4
LL40*20*3,LL40x20x3
LL40*20*4,LL40x20x4
LL40*25*4,LL40x25x4
LL45*30*3,LL45x30x3
LL45*30*4,LL45x30x4
LL45*30*5,LL45x30x5
LL50*30*4,LL50x30x4
LL50*30*5,LL50x30x5
LL50*40*4,LL50x40x4
LL50*40*5,LL50x40x5
LL60*30*5,LL60x30x5
LL60*40*5,LL60x40x5
LL60*40*6,LL60x40x6
LL60*40*7,LL60x40x7
LL65*50*5,LL65x50x5
LL65*50*7,LL65x50x7
LL65*50*9,LL65x50x9
LL70*50*6,LL70x50x6
LL75*50*7,LL75x50x7
LL75*50*9,LL75x50x9
LL75*55*5,LL75x55x5
LL75*55*7,LL75x55x7
LL75*55*9,LL75x55x9
LL80*40*6,LL80x40x6
LL80*40*8,LL80x40x8
LL80*60*7,LL80x60x7
LL80*65*10,LL80x65x10
LL80*65*8,LL80x65x8
LL90*60*6,LL90x60x6
LL90*60*8,LL90x60x8
RD1,RD1
RD1.1,RD1.1
RD1.2,RD1.2
RD1.3,RD1.3
RD1.4,RD1.4
RD1.5,RD1.5
RD1.6,RD1.6
RD1.7,RD1.7
RD1.8,RD1.8
RD1.9,RD1.9
RD10,RD10
RD10.5,RD10.5
RD100,RD100
RD11,RD11
RD11.5,RD11.5
RD110,RD110
RD12,RD12
RD12.5,RD12.5
RD120,RD120
RD125,RD125
RD13,RD13
RD13.5,RD13.5
RD130,RD130
RD14,RD14
RD14.5,RD14.5
RD140,RD140
RD15,RD15
RD15.5,RD15.5
RD150,RD150
RD16,RD16
RD16.5,RD16.5
RD160,RD160
RD17,RD17
RD18,RD18
RD180,RD180
RD19,RD19
RD2,RD2
RD2.1,RD2.1
RD2.2,RD2.2
RD2.3,RD2.3
RD2.4,RD2.4
RD2.5,RD2.5
RD2.6,RD2.6
RD2.7,RD2.7
RD2.8,RD2.8
RD2.9,RD2.9
RD20,RD20
RD200,RD200
RD21,RD21
RD22,RD22
RD23,RD23
RD24,RD24
RD25,RD25
RD26,RD26
RD27,RD27
RD28,RD28
RD29,RD29
RD3,RD3
RD3.5,RD3.5
RD30,RD30
RD32,RD32
RD33,RD33
RD34,RD34
RD35,RD35
RD36,RD36
RD38,RD38
RD39,RD39
RD4,RD4
RD4.5,RD4.5
RD40,RD40
RD42,RD42
RD44,RD44
RD45,RD45
RD46,RD46
RD48,RD48
RD5,RD5
RD5.5,RD5.5
RD50,RD50
RD52,RD52
RD55,RD55
RD56,RD56
RD58,RD58
RD6,RD6
RD6.3,RD6.3
RD6.5,RD6.5
RD60,RD60
RD63,RD63
RD65,RD65
RD68,RD68
RD7,RD7
RD7.5,RD7.5
RD70,RD70
RD75,RD75
RD8,RD8
RD8.5,RD8.5
RD80,RD80
RD85,RD85
RD9,RD9
RD9.5,RD9.5
RD90,RD90
RD95,RD95
RUND10,RUND10
RUND100,RUND100
RUND105,RUND105
RUND110,RUND110
RUND115,RUND115
RUND12,RUND12
RUND120,RUND120
RUND125,RUND125
RUND13,RUND13
RUND130,RUND130
RUND135,RUND135
RUND14,RUND14
RUND140,RUND140
RUND145,RUND145
RUND15,RUND15
RUND150,RUND150
RUND155,RUND155
RUND16,RUND16
RUND16.5,RUND16.5
RUND160,RUND160
RUND165,RUND165
RUND17,RUND17
RUND17.5,RUND17.5
RUND170,RUND170
RUND18,RUND18
RUND18.5,RUND18.5
RUND180,RUND180
RUND19,RUND19
RUND19.5,RUND19.5
RUND190,RUND190
RUND20,RUND20
RUND200,RUND200
RUND21,RUND21
RUND21.5,RUND21.5
RUND22,RUND22
RUND22.5,RUND22.5
RUND23,RUND23
RUND23.5,RUND23.5
RUND24,RUND24
RUND24.5,RUND24.5
RUND25,RUND25
RUND26,RUND26
RUND26.5,RUND26.5
RUND27,RUND27
RUND27.5,RUND27.5
RUND28,RUND28
RUND28.5,RUND28.5
RUND29,RUND29
RUND30,RUND30
RUND30.5,RUND30.5
RUND31,RUND31
RUND31.5,RUND31.5
RUND32,RUND32
RUND33,RUND33
RUND34,RUND34
RUND35,RUND35
RUND36,RUND36
RUND37,RUND37
RUND38,RUND38
RUND39,RUND39
RUND40,RUND40
RUND41,RUND41
RUND42,RUND42
RUND43,RUND43
RUND44,RUND44
RUND45,RUND45
RUND46,RUND46
RUND47,RUND47
RUND48,RUND48
RUND50,RUND50
RUND51,RUND51
RUND52,RUND52
RUND53,RUND53
RUND54,RUND54
RUND55,RUND55
RUND56,RUND56
RUND57,RUND57
RUND58,RUND58
RUND60,RUND60
RUND62,RUND62
RUND63,RUND63
RUND65,RUND65
RUND67,RUND67
RUND68,RUND68
RUND70,RUND70
RUND72,RUND72
RUND73,RUND73
RUND75,RUND75
RUND78,RUND78
RUND8,RUND8
RUND80,RUND80
RUND83,RUND83
RUND85,RUND85
RUND88,RUND88
RUND90,RUND90
RUND95,RUND95
T100,T100
T120,T120
T140,T140
T20,T20
T25,T25
T30,T30
T35,T35
T40,T40
T45,T45
T50,T50
T60,T60
T70,T70
T80,T80
T90,T90
TB30,TB30
TB35,TB35
TB40,TB40
TB50,TB50
TB60,TB60
U100,U100
U120,U120
U140,U140
U160,U160
U180,U180
U200,U200
U220,U220
U240,U240
U260,U260
U280,U280
U30,U30
U300,U300
U320,U320
U350,U350
U380,U380
U40,U40
U400,U400
U80,U80
UU100,UU100
UU120,UU120
UU140,UU140
UU160,UU160
UU180,UU180
UU200,UU200
UU220,UU220
UU240,UU240
UU260,UU260
UU280,UU280
UU300,UU300
UU320,UU320
UU350,UU350
UU380,UU380
UU400,UU400
UU80,UU80
