V4 Section ,V5 Section 
C10X15.3,C10x15.3
C10X20,C10x20
C10X25,C10x25
C10X30,C10x30
C12X20.7,C12x20.7
C12X25,C12x25
C12X30,C12x30
C15X33.9,C15x33.9
C15X40,C15x40
C15X50,C15x50
C3X4.1,C3x4.1
C3X5,C3x5
C3X6,C3x6
C4X5.4,C4x5.4
C4X7.25,C4x7.25
C5X6.7,C5x6.7
C5X9,C5x9
C6X10.5,C6x10.5
C6X13,C6x13
C6X8.2,C6x8.2
C7X12.25,C7x12.25
C7X14.75,C7x14.75
C7X9.8,C7x9.8
C8X11.5,C8x11.5
C8X13.75,C8x13.75
C8X18.75,C8x18.75
C9X13.4,C9x13.4
C9X15,C9x15
C9X20,C9x20
DL1.25X1.25X1/4L0,DL1.25x1.25x0.25L0
DL1.25X1.25X1/4L2,DL1.25x1.25x0.25L2
DL1.25X1.25X1/4L3,DL1.25x1.25x0.25L3
DL1.25X1.25X1/4L4,DL1.25x1.25x0.25L4
DL1.25X1.25X1/4L5,DL1.25x1.25x0.25L5
DL1.25X1.25X1/4L6,DL1.25x1.25x0.25L6
DL1.25X1.25X1/8L0,DL1.25x1.25x0.125L0
DL1.25X1.25X1/8L2,DL1.25x1.25x0.125L2
DL1.25X1.25X1/8L3,DL1.25x1.25x0.125L3
DL1.25X1.25X1/8L4,DL1.25x1.25x0.125L4
DL1.25X1.25X1/8L5,DL1.25x1.25x0.125L5
DL1.25X1.25X1/8L6,DL1.25x1.25x0.125L6
DL1.25X1.25X3/16L0,DL1.25x1.25x0.1875L0
DL1.25X1.25X3/16L2,DL1.25x1.25x0.1875L2
DL1.25X1.25X3/16L3,DL1.25x1.25x0.1875L3
DL1.25X1.25X3/16L4,DL1.25x1.25x0.1875L4
DL1.25X1.25X3/16L5,DL1.25x1.25x0.1875L5
DL1.25X1.25X3/16L6,DL1.25x1.25x0.1875L6
DL1.25X1.75X1/4L0,DL1.25x1.75x0.25L0
DL1.25X1.75X1/4L2,DL1.25x1.75x0.25L2
DL1.25X1.75X1/4L3,DL1.25x1.75x0.25L3
DL1.25X1.75X1/4L4,DL1.25x1.75x0.25L4
DL1.25X1.75X1/4L5,DL1.25x1.75x0.25L5
DL1.25X1.75X1/4L6,DL1.25x1.75x0.25L6
DL1.25X1.75X1/8L0,DL1.25x1.75x0.125L0
DL1.25X1.75X1/8L2,DL1.25x1.75x0.125L2
DL1.25X1.75X1/8L3,DL1.25x1.75x0.125L3
DL1.25X1.75X1/8L4,DL1.25x1.75x0.125L4
DL1.25X1.75X1/8L5,DL1.25x1.75x0.125L5
DL1.25X1.75X1/8L6,DL1.25x1.75x0.125L6
DL1.25X1.75X3/16L0,DL1.25x1.75x0.1875L0
DL1.25X1.75X3/16L2,DL1.25x1.75x0.1875L2
DL1.25X1.75X3/16L3,DL1.25x1.75x0.1875L3
DL1.25X1.75X3/16L4,DL1.25x1.75x0.1875L4
DL1.25X1.75X3/16L5,DL1.25x1.75x0.1875L5
DL1.25X1.75X3/16L6,DL1.25x1.75x0.1875L6
DL1.25X2X1/4L0,DL1.25x2x0.25L0
DL1.25X2X1/4L2,DL1.25x2x0.25L2
DL1.25X2X1/4L3,DL1.25x2x0.25L3
DL1.25X2X1/4L4,DL1.25x2x0.25L4
DL1.25X2X1/4L5,DL1.25x2x0.25L5
DL1.25X2X1/4L6,DL1.25x2x0.25L6
DL1.25X2X1/8L0,DL1.25x2x0.125L0
DL1.25X2X1/8L2,DL1.25x2x0.125L2
DL1.25X2X1/8L3,DL1.25x2x0.125L3
DL1.25X2X1/8L4,DL1.25x2x0.125L4
DL1.25X2X1/8L5,DL1.25x2x0.125L5
DL1.25X2X1/8L6,DL1.25x2x0.125L6
DL1.25X2X3/16L0,DL1.25x2x0.1875L0
DL1.25X2X3/16L2,DL1.25x2x0.1875L2
DL1.25X2X3/16L3,DL1.25x2x0.1875L3
DL1.25X2X3/16L4,DL1.25x2x0.1875L4
DL1.25X2X3/16L5,DL1.25x2x0.1875L5
DL1.25X2X3/16L6,DL1.25x2x0.1875L6
DL1.5X1.5X1/4L0,DL1.5x1.5x0.25L0
DL1.5X1.5X1/4L2,DL1.5x1.5x0.25L2
DL1.5X1.5X1/4L3,DL1.5x1.5x0.25L3
DL1.5X1.5X1/4L4,DL1.5x1.5x0.25L4
DL1.5X1.5X1/4L5,DL1.5x1.5x0.25L5
DL1.5X1.5X1/4L6,DL1.5x1.5x0.25L6
DL1.5X1.5X1/8L0,DL1.5x1.5x0.125L0
DL1.5X1.5X1/8L2,DL1.5x1.5x0.125L2
DL1.5X1.5X1/8L3,DL1.5x1.5x0.125L3
DL1.5X1.5X1/8L4,DL1.5x1.5x0.125L4
DL1.5X1.5X1/8L5,DL1.5x1.5x0.125L5
DL1.5X1.5X1/8L6,DL1.5x1.5x0.125L6
DL1.5X1.5X3/16L0,DL1.5x1.5x0.1875L0
DL1.5X1.5X3/16L2,DL1.5x1.5x0.1875L2
DL1.5X1.5X3/16L3,DL1.5x1.5x0.1875L3
DL1.5X1.5X3/16L4,DL1.5x1.5x0.1875L4
DL1.5X1.5X3/16L5,DL1.5x1.5x0.1875L5
DL1.5X1.5X3/16L6,DL1.5x1.5x0.1875L6
DL1.5X1.5X5/32L0,DL1.5x1.5x0.15625L0
DL1.5X1.5X5/32L2,DL1.5x1.5x0.15625L2
DL1.5X1.5X5/32L3,DL1.5x1.5x0.15625L3
DL1.5X1.5X5/32L4,DL1.5x1.5x0.15625L4
DL1.5X1.5X5/32L5,DL1.5x1.5x0.15625L5
DL1.5X1.5X5/32L6,DL1.5x1.5x0.15625L6
DL1.5X2.5X1/4L0,DL1.5x2.5x0.25L0
DL1.5X2.5X1/4L2,DL1.5x2.5x0.25L2
DL1.5X2.5X1/4L3,DL1.5x2.5x0.25L3
DL1.5X2.5X1/4L4,DL1.5x2.5x0.25L4
DL1.5X2.5X1/4L5,DL1.5x2.5x0.25L5
DL1.5X2.5X1/4L6,DL1.5x2.5x0.25L6
DL1.5X2.5X3/16L0,DL1.5x2.5x0.1875L0
DL1.5X2.5X3/16L2,DL1.5x2.5x0.1875L2
DL1.5X2.5X3/16L3,DL1.5x2.5x0.1875L3
DL1.5X2.5X3/16L4,DL1.5x2.5x0.1875L4
DL1.5X2.5X3/16L5,DL1.5x2.5x0.1875L5
DL1.5X2.5X3/16L6,DL1.5x2.5x0.1875L6
DL1.5X2.5X5/16L0,DL1.5x2.5x0.3125L0
DL1.5X2.5X5/16L2,DL1.5x2.5x0.3125L2
DL1.5X2.5X5/16L3,DL1.5x2.5x0.3125L3
DL1.5X2.5X5/16L4,DL1.5x2.5x0.3125L4
DL1.5X2.5X5/16L5,DL1.5x2.5x0.3125L5
DL1.5X2.5X5/16L6,DL1.5x2.5x0.3125L6
DL1.5X2X1/4L0,DL1.5x2x0.25L0
DL1.5X2X1/4L2,DL1.5x2x0.25L2
DL1.5X2X1/4L3,DL1.5x2x0.25L3
DL1.5X2X1/4L4,DL1.5x2x0.25L4
DL1.5X2X1/4L5,DL1.5x2x0.25L5
DL1.5X2X1/4L6,DL1.5x2x0.25L6
DL1.5X2X1/8L0,DL1.5x2x0.125L0
DL1.5X2X1/8L2,DL1.5x2x0.125L2
DL1.5X2X1/8L3,DL1.5x2x0.125L3
DL1.5X2X1/8L4,DL1.5x2x0.125L4
DL1.5X2X1/8L5,DL1.5x2x0.125L5
DL1.5X2X1/8L6,DL1.5x2x0.125L6
DL1.5X2X3/16L0,DL1.5x2x0.1875L0
DL1.5X2X3/16L2,DL1.5x2x0.1875L2
DL1.5X2X3/16L3,DL1.5x2x0.1875L3
DL1.5X2X3/16L4,DL1.5x2x0.1875L4
DL1.5X2X3/16L5,DL1.5x2x0.1875L5
DL1.5X2X3/16L6,DL1.5x2x0.1875L6
DL1.75X1.25X1/4L0,DL1.75x1.25x0.25L0
DL1.75X1.25X1/4L2,DL1.75x1.25x0.25L2
DL1.75X1.25X1/4L3,DL1.75x1.25x0.25L3
DL1.75X1.25X1/4L4,DL1.75x1.25x0.25L4
DL1.75X1.25X1/4L5,DL1.75x1.25x0.25L5
DL1.75X1.25X1/4L6,DL1.75x1.25x0.25L6
DL1.75X1.25X1/8L0,DL1.75x1.25x0.125L0
DL1.75X1.25X1/8L2,DL1.75x1.25x0.125L2
DL1.75X1.25X1/8L3,DL1.75x1.25x0.125L3
DL1.75X1.25X1/8L4,DL1.75x1.25x0.125L4
DL1.75X1.25X1/8L5,DL1.75x1.25x0.125L5
DL1.75X1.25X1/8L6,DL1.75x1.25x0.125L6
DL1.75X1.25X3/16L0,DL1.75x1.25x0.1875L0
DL1.75X1.25X3/16L2,DL1.75x1.25x0.1875L2
DL1.75X1.25X3/16L3,DL1.75x1.25x0.1875L3
DL1.75X1.25X3/16L4,DL1.75x1.25x0.1875L4
DL1.75X1.25X3/16L5,DL1.75x1.25x0.1875L5
DL1.75X1.25X3/16L6,DL1.75x1.25x0.1875L6
DL1.75X1.75X1/4L0,DL1.75x1.75x0.25L0
DL1.75X1.75X1/4L2,DL1.75x1.75x0.25L2
DL1.75X1.75X1/4L3,DL1.75x1.75x0.25L3
DL1.75X1.75X1/4L4,DL1.75x1.75x0.25L4
DL1.75X1.75X1/4L5,DL1.75x1.75x0.25L5
DL1.75X1.75X1/4L6,DL1.75x1.75x0.25L6
DL1.75X1.75X1/8L0,DL1.75x1.75x0.125L0
DL1.75X1.75X1/8L2,DL1.75x1.75x0.125L2
DL1.75X1.75X1/8L3,DL1.75x1.75x0.125L3
DL1.75X1.75X1/8L4,DL1.75x1.75x0.125L4
DL1.75X1.75X1/8L5,DL1.75x1.75x0.125L5
DL1.75X1.75X1/8L6,DL1.75x1.75x0.125L6
DL1.75X1.75X3/16L0,DL1.75x1.75x0.1875L0
DL1.75X1.75X3/16L2,DL1.75x1.75x0.1875L2
DL1.75X1.75X3/16L3,DL1.75x1.75x0.1875L3
DL1.75X1.75X3/16L4,DL1.75x1.75x0.1875L4
DL1.75X1.75X3/16L5,DL1.75x1.75x0.1875L5
DL1.75X1.75X3/16L6,DL1.75x1.75x0.1875L6
DL1X1X1/4L0,DL1x1x0.25L0
DL1X1X1/4L2,DL1x1x0.25L2
DL1X1X1/4L3,DL1x1x0.25L3
DL1X1X1/4L4,DL1x1x0.25L4
DL1X1X1/4L5,DL1x1x0.25L5
DL1X1X1/4L6,DL1x1x0.25L6
DL1X1X1/8L0,DL1x1x0.125L0
DL1X1X1/8L2,DL1x1x0.125L2
DL1X1X1/8L3,DL1x1x0.125L3
DL1X1X1/8L4,DL1x1x0.125L4
DL1X1X1/8L5,DL1x1x0.125L5
DL1X1X1/8L6,DL1x1x0.125L6
DL1X1X3/16L0,DL1x1x0.1875L0
DL1X1X3/16L2,DL1x1x0.1875L2
DL1X1X3/16L3,DL1x1x0.1875L3
DL1X1X3/16L4,DL1x1x0.1875L4
DL1X1X3/16L5,DL1x1x0.1875L5
DL1X1X3/16L6,DL1x1x0.1875L6
DL2.5X1.5X1/4L0,DL2.5x1.5x0.25L0
DL2.5X1.5X1/4L2,DL2.5x1.5x0.25L2
DL2.5X1.5X1/4L3,DL2.5x1.5x0.25L3
DL2.5X1.5X1/4L4,DL2.5x1.5x0.25L4
DL2.5X1.5X1/4L5,DL2.5x1.5x0.25L5
DL2.5X1.5X1/4L6,DL2.5x1.5x0.25L6
DL2.5X1.5X3/16L0,DL2.5x1.5x0.1875L0
DL2.5X1.5X3/16L2,DL2.5x1.5x0.1875L2
DL2.5X1.5X3/16L3,DL2.5x1.5x0.1875L3
DL2.5X1.5X3/16L4,DL2.5x1.5x0.1875L4
DL2.5X1.5X3/16L5,DL2.5x1.5x0.1875L5
DL2.5X1.5X3/16L6,DL2.5x1.5x0.1875L6
DL2.5X1.5X5/16L0,DL2.5x1.5x0.3125L0
DL2.5X1.5X5/16L2,DL2.5x1.5x0.3125L2
DL2.5X1.5X5/16L3,DL2.5x1.5x0.3125L3
DL2.5X1.5X5/16L4,DL2.5x1.5x0.3125L4
DL2.5X1.5X5/16L5,DL2.5x1.5x0.3125L5
DL2.5X1.5X5/16L6,DL2.5x1.5x0.3125L6
DL2.5X2.5X1/2L0,DL2.5x2.5x0.5L0
DL2.5X2.5X1/2L2,DL2.5x2.5x0.5L2
DL2.5X2.5X1/2L3,DL2.5x2.5x0.5L3
DL2.5X2.5X1/2L4,DL2.5x2.5x0.5L4
DL2.5X2.5X1/2L5,DL2.5x2.5x0.5L5
DL2.5X2.5X1/2L6,DL2.5x2.5x0.5L6
DL2.5X2.5X1/4L0,DL2.5x2.5x0.25L0
DL2.5X2.5X1/4L2,DL2.5x2.5x0.25L2
DL2.5X2.5X1/4L3,DL2.5x2.5x0.25L3
DL2.5X2.5X1/4L4,DL2.5x2.5x0.25L4
DL2.5X2.5X1/4L5,DL2.5x2.5x0.25L5
DL2.5X2.5X1/4L6,DL2.5x2.5x0.25L6
DL2.5X2.5X3/16L0,DL2.5x2.5x0.1875L0
DL2.5X2.5X3/16L2,DL2.5x2.5x0.1875L2
DL2.5X2.5X3/16L3,DL2.5x2.5x0.1875L3
DL2.5X2.5X3/16L4,DL2.5x2.5x0.1875L4
DL2.5X2.5X3/16L5,DL2.5x2.5x0.1875L5
DL2.5X2.5X3/16L6,DL2.5x2.5x0.1875L6
DL2.5X2.5X3/8L0,DL2.5x2.5x0.375L0
DL2.5X2.5X3/8L2,DL2.5x2.5x0.375L2
DL2.5X2.5X3/8L3,DL2.5x2.5x0.375L3
DL2.5X2.5X3/8L4,DL2.5x2.5x0.375L4
DL2.5X2.5X3/8L5,DL2.5x2.5x0.375L5
DL2.5X2.5X3/8L6,DL2.5x2.5x0.375L6
DL2.5X2.5X5/16L0,DL2.5x2.5x0.3125L0
DL2.5X2.5X5/16L2,DL2.5x2.5x0.3125L2
DL2.5X2.5X5/16L3,DL2.5x2.5x0.3125L3
DL2.5X2.5X5/16L4,DL2.5x2.5x0.3125L4
DL2.5X2.5X5/16L5,DL2.5x2.5x0.3125L5
DL2.5X2.5X5/16L6,DL2.5x2.5x0.3125L6
DL2.5X2X1/4L0,DL2.5x2x0.25L0
DL2.5X2X1/4L2,DL2.5x2x0.25L2
DL2.5X2X1/4L3,DL2.5x2x0.25L3
DL2.5X2X1/4L4,DL2.5x2x0.25L4
DL2.5X2X1/4L5,DL2.5x2x0.25L5
DL2.5X2X1/4L6,DL2.5x2x0.25L6
DL2.5X2X3/16L0,DL2.5x2x0.1875L0
DL2.5X2X3/16L2,DL2.5x2x0.1875L2
DL2.5X2X3/16L3,DL2.5x2x0.1875L3
DL2.5X2X3/16L4,DL2.5x2x0.1875L4
DL2.5X2X3/16L5,DL2.5x2x0.1875L5
DL2.5X2X3/16L6,DL2.5x2x0.1875L6
DL2.5X2X3/8L0,DL2.5x2x0.375L0
DL2.5X2X3/8L2,DL2.5x2x0.375L2
DL2.5X2X3/8L3,DL2.5x2x0.375L3
DL2.5X2X3/8L4,DL2.5x2x0.375L4
DL2.5X2X3/8L5,DL2.5x2x0.375L5
DL2.5X2X3/8L6,DL2.5x2x0.375L6
DL2.5X2X5/16L0,DL2.5x2x0.3125L0
DL2.5X2X5/16L2,DL2.5x2x0.3125L2
DL2.5X2X5/16L3,DL2.5x2x0.3125L3
DL2.5X2X5/16L4,DL2.5x2x0.3125L4
DL2.5X2X5/16L5,DL2.5x2x0.3125L5
DL2.5X2X5/16L6,DL2.5x2x0.3125L6
DL2.5X3.5X1/2L0,DL2.5x3.5x0.5L0
DL2.5X3.5X1/2L2,DL2.5x3.5x0.5L2
DL2.5X3.5X1/2L3,DL2.5x3.5x0.5L3
DL2.5X3.5X1/2L4,DL2.5x3.5x0.5L4
DL2.5X3.5X1/2L5,DL2.5x3.5x0.5L5
DL2.5X3.5X1/2L6,DL2.5x3.5x0.5L6
DL2.5X3.5X1/4L0,DL2.5x3.5x0.25L0
DL2.5X3.5X1/4L2,DL2.5x3.5x0.25L2
DL2.5X3.5X1/4L3,DL2.5x3.5x0.25L3
DL2.5X3.5X1/4L4,DL2.5x3.5x0.25L4
DL2.5X3.5X1/4L5,DL2.5x3.5x0.25L5
DL2.5X3.5X1/4L6,DL2.5x3.5x0.25L6
DL2.5X3.5X3/8L0,DL2.5x3.5x0.375L0
DL2.5X3.5X3/8L2,DL2.5x3.5x0.375L2
DL2.5X3.5X3/8L3,DL2.5x3.5x0.375L3
DL2.5X3.5X3/8L4,DL2.5x3.5x0.375L4
DL2.5X3.5X3/8L5,DL2.5x3.5x0.375L5
DL2.5X3.5X3/8L6,DL2.5x3.5x0.375L6
DL2.5X3.5X5/16L0,DL2.5x3.5x0.3125L0
DL2.5X3.5X5/16L2,DL2.5x3.5x0.3125L2
DL2.5X3.5X5/16L3,DL2.5x3.5x0.3125L3
DL2.5X3.5X5/16L4,DL2.5x3.5x0.3125L4
DL2.5X3.5X5/16L5,DL2.5x3.5x0.3125L5
DL2.5X3.5X5/16L6,DL2.5x3.5x0.3125L6
DL2.5X3.5X7/16L0,DL2.5x3.5x0.4375L0
DL2.5X3.5X7/16L2,DL2.5x3.5x0.4375L2
DL2.5X3.5X7/16L3,DL2.5x3.5x0.4375L3
DL2.5X3.5X7/16L4,DL2.5x3.5x0.4375L4
DL2.5X3.5X7/16L5,DL2.5x3.5x0.4375L5
DL2.5X3.5X7/16L6,DL2.5x3.5x0.4375L6
DL2.5X3X1/2L0,DL2.5x3x0.5L0
DL2.5X3X1/2L2,DL2.5x3x0.5L2
DL2.5X3X1/2L3,DL2.5x3x0.5L3
DL2.5X3X1/2L4,DL2.5x3x0.5L4
DL2.5X3X1/2L5,DL2.5x3x0.5L5
DL2.5X3X1/2L6,DL2.5x3x0.5L6
DL2.5X3X1/4L0,DL2.5x3x0.25L0
DL2.5X3X1/4L2,DL2.5x3x0.25L2
DL2.5X3X1/4L3,DL2.5x3x0.25L3
DL2.5X3X1/4L4,DL2.5x3x0.25L4
DL2.5X3X1/4L5,DL2.5x3x0.25L5
DL2.5X3X1/4L6,DL2.5x3x0.25L6
DL2.5X3X3/16L0,DL2.5x3x0.1875L0
DL2.5X3X3/16L2,DL2.5x3x0.1875L2
DL2.5X3X3/16L3,DL2.5x3x0.1875L3
DL2.5X3X3/16L4,DL2.5x3x0.1875L4
DL2.5X3X3/16L5,DL2.5x3x0.1875L5
DL2.5X3X3/16L6,DL2.5x3x0.1875L6
DL2.5X3X3/8L0,DL2.5x3x0.375L0
DL2.5X3X3/8L2,DL2.5x3x0.375L2
DL2.5X3X3/8L3,DL2.5x3x0.375L3
DL2.5X3X3/8L4,DL2.5x3x0.375L4
DL2.5X3X3/8L5,DL2.5x3x0.375L5
DL2.5X3X3/8L6,DL2.5x3x0.375L6
DL2.5X3X5/16L0,DL2.5x3x0.3125L0
DL2.5X3X5/16L2,DL2.5x3x0.3125L2
DL2.5X3X5/16L3,DL2.5x3x0.3125L3
DL2.5X3X5/16L4,DL2.5x3x0.3125L4
DL2.5X3X5/16L5,DL2.5x3x0.3125L5
DL2.5X3X5/16L6,DL2.5x3x0.3125L6
DL2.5X3X7/16L0,DL2.5x3x0.4375L0
DL2.5X3X7/16L2,DL2.5x3x0.4375L2
DL2.5X3X7/16L3,DL2.5x3x0.4375L3
DL2.5X3X7/16L4,DL2.5x3x0.4375L4
DL2.5X3X7/16L5,DL2.5x3x0.4375L5
DL2.5X3X7/16L6,DL2.5x3x0.4375L6
DL2X1.25X1/4L0,DL2x1.25x0.25L0
DL2X1.25X1/4L2,DL2x1.25x0.25L2
DL2X1.25X1/4L3,DL2x1.25x0.25L3
DL2X1.25X1/4L4,DL2x1.25x0.25L4
DL2X1.25X1/4L5,DL2x1.25x0.25L5
DL2X1.25X1/4L6,DL2x1.25x0.25L6
DL2X1.25X1/8L0,DL2x1.25x0.125L0
DL2X1.25X1/8L2,DL2x1.25x0.125L2
DL2X1.25X1/8L3,DL2x1.25x0.125L3
DL2X1.25X1/8L4,DL2x1.25x0.125L4
DL2X1.25X1/8L5,DL2x1.25x0.125L5
DL2X1.25X1/8L6,DL2x1.25x0.125L6
DL2X1.25X3/16L0,DL2x1.25x0.1875L0
DL2X1.25X3/16L2,DL2x1.25x0.1875L2
DL2X1.25X3/16L3,DL2x1.25x0.1875L3
DL2X1.25X3/16L4,DL2x1.25x0.1875L4
DL2X1.25X3/16L5,DL2x1.25x0.1875L5
DL2X1.25X3/16L6,DL2x1.25x0.1875L6
DL2X1.5X1/4L0,DL2x1.5x0.25L0
DL2X1.5X1/4L2,DL2x1.5x0.25L2
DL2X1.5X1/4L3,DL2x1.5x0.25L3
DL2X1.5X1/4L4,DL2x1.5x0.25L4
DL2X1.5X1/4L5,DL2x1.5x0.25L5
DL2X1.5X1/4L6,DL2x1.5x0.25L6
DL2X1.5X1/8L0,DL2x1.5x0.125L0
DL2X1.5X1/8L2,DL2x1.5x0.125L2
DL2X1.5X1/8L3,DL2x1.5x0.125L3
DL2X1.5X1/8L4,DL2x1.5x0.125L4
DL2X1.5X1/8L5,DL2x1.5x0.125L5
DL2X1.5X1/8L6,DL2x1.5x0.125L6
DL2X1.5X3/16L0,DL2x1.5x0.1875L0
DL2X1.5X3/16L2,DL2x1.5x0.1875L2
DL2X1.5X3/16L3,DL2x1.5x0.1875L3
DL2X1.5X3/16L4,DL2x1.5x0.1875L4
DL2X1.5X3/16L5,DL2x1.5x0.1875L5
DL2X1.5X3/16L6,DL2x1.5x0.1875L6
DL2X2.5X1/4L0,DL2x2.5x0.25L0
DL2X2.5X1/4L2,DL2x2.5x0.25L2
DL2X2.5X1/4L3,DL2x2.5x0.25L3
DL2X2.5X1/4L4,DL2x2.5x0.25L4
DL2X2.5X1/4L5,DL2x2.5x0.25L5
DL2X2.5X1/4L6,DL2x2.5x0.25L6
DL2X2.5X3/16L0,DL2x2.5x0.1875L0
DL2X2.5X3/16L2,DL2x2.5x0.1875L2
DL2X2.5X3/16L3,DL2x2.5x0.1875L3
DL2X2.5X3/16L4,DL2x2.5x0.1875L4
DL2X2.5X3/16L5,DL2x2.5x0.1875L5
DL2X2.5X3/16L6,DL2x2.5x0.1875L6
DL2X2.5X3/8L0,DL2x2.5x0.375L0
DL2X2.5X3/8L2,DL2x2.5x0.375L2
DL2X2.5X3/8L3,DL2x2.5x0.375L3
DL2X2.5X3/8L4,DL2x2.5x0.375L4
DL2X2.5X3/8L5,DL2x2.5x0.375L5
DL2X2.5X3/8L6,DL2x2.5x0.375L6
DL2X2.5X5/16L0,DL2x2.5x0.3125L0
DL2X2.5X5/16L2,DL2x2.5x0.3125L2
DL2X2.5X5/16L3,DL2x2.5x0.3125L3
DL2X2.5X5/16L4,DL2x2.5x0.3125L4
DL2X2.5X5/16L5,DL2x2.5x0.3125L5
DL2X2.5X5/16L6,DL2x2.5x0.3125L6
DL2X2X1/4L0,DL2x2x0.25L0
DL2X2X1/4L2,DL2x2x0.25L2
DL2X2X1/4L3,DL2x2x0.25L3
DL2X2X1/4L4,DL2x2x0.25L4
DL2X2X1/4L5,DL2x2x0.25L5
DL2X2X1/4L6,DL2x2x0.25L6
DL2X2X1/8L0,DL2x2x0.125L0
DL2X2X1/8L2,DL2x2x0.125L2
DL2X2X1/8L3,DL2x2x0.125L3
DL2X2X1/8L4,DL2x2x0.125L4
DL2X2X1/8L5,DL2x2x0.125L5
DL2X2X1/8L6,DL2x2x0.125L6
DL2X2X3/16L0,DL2x2x0.1875L0
DL2X2X3/16L2,DL2x2x0.1875L2
DL2X2X3/16L3,DL2x2x0.1875L3
DL2X2X3/16L4,DL2x2x0.1875L4
DL2X2X3/16L5,DL2x2x0.1875L5
DL2X2X3/16L6,DL2x2x0.1875L6
DL2X2X3/8L0,DL2x2x0.375L0
DL2X2X3/8L2,DL2x2x0.375L2
DL2X2X3/8L3,DL2x2x0.375L3
DL2X2X3/8L4,DL2x2x0.375L4
DL2X2X3/8L5,DL2x2x0.375L5
DL2X2X3/8L6,DL2x2x0.375L6
DL2X2X5/16L0,DL2x2x0.3125L0
DL2X2X5/16L2,DL2x2x0.3125L2
DL2X2X5/16L3,DL2x2x0.3125L3
DL2X2X5/16L4,DL2x2x0.3125L4
DL2X2X5/16L5,DL2x2x0.3125L5
DL2X2X5/16L6,DL2x2x0.3125L6
DL2X3X1/2L0,DL2x3x0.5L0
DL2X3X1/2L2,DL2x3x0.5L2
DL2X3X1/2L3,DL2x3x0.5L3
DL2X3X1/2L4,DL2x3x0.5L4
DL2X3X1/2L5,DL2x3x0.5L5
DL2X3X1/2L6,DL2x3x0.5L6
DL2X3X1/4L0,DL2x3x0.25L0
DL2X3X1/4L2,DL2x3x0.25L2
DL2X3X1/4L3,DL2x3x0.25L3
DL2X3X1/4L4,DL2x3x0.25L4
DL2X3X1/4L5,DL2x3x0.25L5
DL2X3X1/4L6,DL2x3x0.25L6
DL2X3X3/16L0,DL2x3x0.1875L0
DL2X3X3/16L2,DL2x3x0.1875L2
DL2X3X3/16L3,DL2x3x0.1875L3
DL2X3X3/16L4,DL2x3x0.1875L4
DL2X3X3/16L5,DL2x3x0.1875L5
DL2X3X3/16L6,DL2x3x0.1875L6
DL2X3X3/8L0,DL2x3x0.375L0
DL2X3X3/8L2,DL2x3x0.375L2
DL2X3X3/8L3,DL2x3x0.375L3
DL2X3X3/8L4,DL2x3x0.375L4
DL2X3X3/8L5,DL2x3x0.375L5
DL2X3X3/8L6,DL2x3x0.375L6
DL2X3X5/16L0,DL2x3x0.3125L0
DL2X3X5/16L2,DL2x3x0.3125L2
DL2X3X5/16L3,DL2x3x0.3125L3
DL2X3X5/16L4,DL2x3x0.3125L4
DL2X3X5/16L5,DL2x3x0.3125L5
DL2X3X5/16L6,DL2x3x0.3125L6
DL2X3X7/16L0,DL2x3x0.4375L0
DL2X3X7/16L2,DL2x3x0.4375L2
DL2X3X7/16L3,DL2x3x0.4375L3
DL2X3X7/16L4,DL2x3x0.4375L4
DL2X3X7/16L5,DL2x3x0.4375L5
DL2X3X7/16L6,DL2x3x0.4375L6
DL3.5X2.5X1/2L0,DL3.5x2.5x0.5L0
DL3.5X2.5X1/2L2,DL3.5x2.5x0.5L2
DL3.5X2.5X1/2L3,DL3.5x2.5x0.5L3
DL3.5X2.5X1/2L4,DL3.5x2.5x0.5L4
DL3.5X2.5X1/2L5,DL3.5x2.5x0.5L5
DL3.5X2.5X1/2L6,DL3.5x2.5x0.5L6
DL3.5X2.5X1/4L0,DL3.5x2.5x0.25L0
DL3.5X2.5X1/4L2,DL3.5x2.5x0.25L2
DL3.5X2.5X1/4L3,DL3.5x2.5x0.25L3
DL3.5X2.5X1/4L4,DL3.5x2.5x0.25L4
DL3.5X2.5X1/4L5,DL3.5x2.5x0.25L5
DL3.5X2.5X1/4L6,DL3.5x2.5x0.25L6
DL3.5X2.5X3/8L0,DL3.5x2.5x0.375L0
DL3.5X2.5X3/8L2,DL3.5x2.5x0.375L2
DL3.5X2.5X3/8L3,DL3.5x2.5x0.375L3
DL3.5X2.5X3/8L4,DL3.5x2.5x0.375L4
DL3.5X2.5X3/8L5,DL3.5x2.5x0.375L5
DL3.5X2.5X3/8L6,DL3.5x2.5x0.375L6
DL3.5X2.5X5/16L0,DL3.5x2.5x0.3125L0
DL3.5X2.5X5/16L2,DL3.5x2.5x0.3125L2
DL3.5X2.5X5/16L3,DL3.5x2.5x0.3125L3
DL3.5X2.5X5/16L4,DL3.5x2.5x0.3125L4
DL3.5X2.5X5/16L5,DL3.5x2.5x0.3125L5
DL3.5X2.5X5/16L6,DL3.5x2.5x0.3125L6
DL3.5X2.5X7/16L0,DL3.5x2.5x0.4375L0
DL3.5X2.5X7/16L2,DL3.5x2.5x0.4375L2
DL3.5X2.5X7/16L3,DL3.5x2.5x0.4375L3
DL3.5X2.5X7/16L4,DL3.5x2.5x0.4375L4
DL3.5X2.5X7/16L5,DL3.5x2.5x0.4375L5
DL3.5X2.5X7/16L6,DL3.5x2.5x0.4375L6
DL3.5X3.5X1/2L0,DL3.5x3.5x0.5L0
DL3.5X3.5X1/2L2,DL3.5x3.5x0.5L2
DL3.5X3.5X1/2L3,DL3.5x3.5x0.5L3
DL3.5X3.5X1/2L4,DL3.5x3.5x0.5L4
DL3.5X3.5X1/2L5,DL3.5x3.5x0.5L5
DL3.5X3.5X1/2L6,DL3.5x3.5x0.5L6
DL3.5X3.5X1/4L0,DL3.5x3.5x0.25L0
DL3.5X3.5X1/4L2,DL3.5x3.5x0.25L2
DL3.5X3.5X1/4L3,DL3.5x3.5x0.25L3
DL3.5X3.5X1/4L4,DL3.5x3.5x0.25L4
DL3.5X3.5X1/4L5,DL3.5x3.5x0.25L5
DL3.5X3.5X1/4L6,DL3.5x3.5x0.25L6
DL3.5X3.5X3/8L0,DL3.5x3.5x0.375L0
DL3.5X3.5X3/8L2,DL3.5x3.5x0.375L2
DL3.5X3.5X3/8L3,DL3.5x3.5x0.375L3
DL3.5X3.5X3/8L4,DL3.5x3.5x0.375L4
DL3.5X3.5X3/8L5,DL3.5x3.5x0.375L5
DL3.5X3.5X3/8L6,DL3.5x3.5x0.375L6
DL3.5X3.5X5/16L0,DL3.5x3.5x0.3125L0
DL3.5X3.5X5/16L2,DL3.5x3.5x0.3125L2
DL3.5X3.5X5/16L3,DL3.5x3.5x0.3125L3
DL3.5X3.5X5/16L4,DL3.5x3.5x0.3125L4
DL3.5X3.5X5/16L5,DL3.5x3.5x0.3125L5
DL3.5X3.5X5/16L6,DL3.5x3.5x0.3125L6
DL3.5X3.5X7/16L0,DL3.5x3.5x0.4375L0
DL3.5X3.5X7/16L2,DL3.5x3.5x0.4375L2
DL3.5X3.5X7/16L3,DL3.5x3.5x0.4375L3
DL3.5X3.5X7/16L4,DL3.5x3.5x0.4375L4
DL3.5X3.5X7/16L5,DL3.5x3.5x0.4375L5
DL3.5X3.5X7/16L6,DL3.5x3.5x0.4375L6
DL3.5X3X1/2L0,DL3.5x3x0.5L0
DL3.5X3X1/2L2,DL3.5x3x0.5L2
DL3.5X3X1/2L3,DL3.5x3x0.5L3
DL3.5X3X1/2L4,DL3.5x3x0.5L4
DL3.5X3X1/2L5,DL3.5x3x0.5L5
DL3.5X3X1/2L6,DL3.5x3x0.5L6
DL3.5X3X1/4L0,DL3.5x3x0.25L0
DL3.5X3X1/4L2,DL3.5x3x0.25L2
DL3.5X3X1/4L3,DL3.5x3x0.25L3
DL3.5X3X1/4L4,DL3.5x3x0.25L4
DL3.5X3X1/4L5,DL3.5x3x0.25L5
DL3.5X3X1/4L6,DL3.5x3x0.25L6
DL3.5X3X3/8L0,DL3.5x3x0.375L0
DL3.5X3X3/8L2,DL3.5x3x0.375L2
DL3.5X3X3/8L3,DL3.5x3x0.375L3
DL3.5X3X3/8L4,DL3.5x3x0.375L4
DL3.5X3X3/8L5,DL3.5x3x0.375L5
DL3.5X3X3/8L6,DL3.5x3x0.375L6
DL3.5X3X5/16L0,DL3.5x3x0.3125L0
DL3.5X3X5/16L2,DL3.5x3x0.3125L2
DL3.5X3X5/16L3,DL3.5x3x0.3125L3
DL3.5X3X5/16L4,DL3.5x3x0.3125L4
DL3.5X3X5/16L5,DL3.5x3x0.3125L5
DL3.5X3X5/16L6,DL3.5x3x0.3125L6
DL3.5X3X7/16L0,DL3.5x3x0.4375L0
DL3.5X3X7/16L2,DL3.5x3x0.4375L2
DL3.5X3X7/16L3,DL3.5x3x0.4375L3
DL3.5X3X7/16L4,DL3.5x3x0.4375L4
DL3.5X3X7/16L5,DL3.5x3x0.4375L5
DL3.5X3X7/16L6,DL3.5x3x0.4375L6
DL3.5X4X1/2L0,DL3.5x4x0.5L0
DL3.5X4X1/2L2,DL3.5x4x0.5L2
DL3.5X4X1/2L3,DL3.5x4x0.5L3
DL3.5X4X1/2L4,DL3.5x4x0.5L4
DL3.5X4X1/2L5,DL3.5x4x0.5L5
DL3.5X4X1/2L6,DL3.5x4x0.5L6
DL3.5X4X1/4L0,DL3.5x4x0.25L0
DL3.5X4X1/4L2,DL3.5x4x0.25L2
DL3.5X4X1/4L3,DL3.5x4x0.25L3
DL3.5X4X1/4L4,DL3.5x4x0.25L4
DL3.5X4X1/4L5,DL3.5x4x0.25L5
DL3.5X4X1/4L6,DL3.5x4x0.25L6
DL3.5X4X3/8L0,DL3.5x4x0.375L0
DL3.5X4X3/8L2,DL3.5x4x0.375L2
DL3.5X4X3/8L3,DL3.5x4x0.375L3
DL3.5X4X3/8L4,DL3.5x4x0.375L4
DL3.5X4X3/8L5,DL3.5x4x0.375L5
DL3.5X4X3/8L6,DL3.5x4x0.375L6
DL3.5X4X5/16L0,DL3.5x4x0.3125L0
DL3.5X4X5/16L2,DL3.5x4x0.3125L2
DL3.5X4X5/16L3,DL3.5x4x0.3125L3
DL3.5X4X5/16L4,DL3.5x4x0.3125L4
DL3.5X4X5/16L5,DL3.5x4x0.3125L5
DL3.5X4X5/16L6,DL3.5x4x0.3125L6
DL3.5X4X5/8L0,DL3.5x4x0.625L0
DL3.5X4X5/8L2,DL3.5x4x0.625L2
DL3.5X4X5/8L3,DL3.5x4x0.625L3
DL3.5X4X5/8L4,DL3.5x4x0.625L4
DL3.5X4X5/8L5,DL3.5x4x0.625L5
DL3.5X4X5/8L6,DL3.5x4x0.625L6
DL3.5X4X7/16L0,DL3.5x4x0.4375L0
DL3.5X4X7/16L2,DL3.5x4x0.4375L2
DL3.5X4X7/16L3,DL3.5x4x0.4375L3
DL3.5X4X7/16L4,DL3.5x4x0.4375L4
DL3.5X4X7/16L5,DL3.5x4x0.4375L5
DL3.5X4X7/16L6,DL3.5x4x0.4375L6
DL3.5X5X1/2L0,DL3.5x5x0.5L0
DL3.5X5X1/2L2,DL3.5x5x0.5L2
DL3.5X5X1/2L3,DL3.5x5x0.5L3
DL3.5X5X1/2L4,DL3.5x5x0.5L4
DL3.5X5X1/2L5,DL3.5x5x0.5L5
DL3.5X5X1/2L6,DL3.5x5x0.5L6
DL3.5X5X1/4L0,DL3.5x5x0.25L0
DL3.5X5X1/4L2,DL3.5x5x0.25L2
DL3.5X5X1/4L3,DL3.5x5x0.25L3
DL3.5X5X1/4L4,DL3.5x5x0.25L4
DL3.5X5X1/4L5,DL3.5x5x0.25L5
DL3.5X5X1/4L6,DL3.5x5x0.25L6
DL3.5X5X3/4L0,DL3.5x5x0.75L0
DL3.5X5X3/4L2,DL3.5x5x0.75L2
DL3.5X5X3/4L3,DL3.5x5x0.75L3
DL3.5X5X3/4L4,DL3.5x5x0.75L4
DL3.5X5X3/4L5,DL3.5x5x0.75L5
DL3.5X5X3/4L6,DL3.5x5x0.75L6
DL3.5X5X3/8L0,DL3.5x5x0.375L0
DL3.5X5X3/8L2,DL3.5x5x0.375L2
DL3.5X5X3/8L3,DL3.5x5x0.375L3
DL3.5X5X3/8L4,DL3.5x5x0.375L4
DL3.5X5X3/8L5,DL3.5x5x0.375L5
DL3.5X5X3/8L6,DL3.5x5x0.375L6
DL3.5X5X5/16L0,DL3.5x5x0.3125L0
DL3.5X5X5/16L2,DL3.5x5x0.3125L2
DL3.5X5X5/16L3,DL3.5x5x0.3125L3
DL3.5X5X5/16L4,DL3.5x5x0.3125L4
DL3.5X5X5/16L5,DL3.5x5x0.3125L5
DL3.5X5X5/16L6,DL3.5x5x0.3125L6
DL3.5X5X5/8L0,DL3.5x5x0.625L0
DL3.5X5X5/8L2,DL3.5x5x0.625L2
DL3.5X5X5/8L3,DL3.5x5x0.625L3
DL3.5X5X5/8L4,DL3.5x5x0.625L4
DL3.5X5X5/8L5,DL3.5x5x0.625L5
DL3.5X5X5/8L6,DL3.5x5x0.625L6
DL3.5X5X7/16L0,DL3.5x5x0.4375L0
DL3.5X5X7/16L2,DL3.5x5x0.4375L2
DL3.5X5X7/16L3,DL3.5x5x0.4375L3
DL3.5X5X7/16L4,DL3.5x5x0.4375L4
DL3.5X5X7/16L5,DL3.5x5x0.4375L5
DL3.5X5X7/16L6,DL3.5x5x0.4375L6
DL3.5X6X1/2L0,DL3.5x6x0.5L0
DL3.5X6X1/2L2,DL3.5x6x0.5L2
DL3.5X6X1/2L3,DL3.5x6x0.5L3
DL3.5X6X1/2L4,DL3.5x6x0.5L4
DL3.5X6X1/2L5,DL3.5x6x0.5L5
DL3.5X6X1/2L6,DL3.5x6x0.5L6
DL3.5X6X1/4L0,DL3.5x6x0.25L0
DL3.5X6X1/4L2,DL3.5x6x0.25L2
DL3.5X6X1/4L3,DL3.5x6x0.25L3
DL3.5X6X1/4L4,DL3.5x6x0.25L4
DL3.5X6X1/4L5,DL3.5x6x0.25L5
DL3.5X6X1/4L6,DL3.5x6x0.25L6
DL3.5X6X3/8L0,DL3.5x6x0.375L0
DL3.5X6X3/8L2,DL3.5x6x0.375L2
DL3.5X6X3/8L3,DL3.5x6x0.375L3
DL3.5X6X3/8L4,DL3.5x6x0.375L4
DL3.5X6X3/8L5,DL3.5x6x0.375L5
DL3.5X6X3/8L6,DL3.5x6x0.375L6
DL3.5X6X5/16L0,DL3.5x6x0.3125L0
DL3.5X6X5/16L2,DL3.5x6x0.3125L2
DL3.5X6X5/16L3,DL3.5x6x0.3125L3
DL3.5X6X5/16L4,DL3.5x6x0.3125L4
DL3.5X6X5/16L5,DL3.5x6x0.3125L5
DL3.5X6X5/16L6,DL3.5x6x0.3125L6
DL3X2.5X1/2L0,DL3x2.5x0.5L0
DL3X2.5X1/2L2,DL3x2.5x0.5L2
DL3X2.5X1/2L3,DL3x2.5x0.5L3
DL3X2.5X1/2L4,DL3x2.5x0.5L4
DL3X2.5X1/2L5,DL3x2.5x0.5L5
DL3X2.5X1/2L6,DL3x2.5x0.5L6
DL3X2.5X1/4L0,DL3x2.5x0.25L0
DL3X2.5X1/4L2,DL3x2.5x0.25L2
DL3X2.5X1/4L3,DL3x2.5x0.25L3
DL3X2.5X1/4L4,DL3x2.5x0.25L4
DL3X2.5X1/4L5,DL3x2.5x0.25L5
DL3X2.5X1/4L6,DL3x2.5x0.25L6
DL3X2.5X3/16L0,DL3x2.5x0.1875L0
DL3X2.5X3/16L2,DL3x2.5x0.1875L2
DL3X2.5X3/16L3,DL3x2.5x0.1875L3
DL3X2.5X3/16L4,DL3x2.5x0.1875L4
DL3X2.5X3/16L5,DL3x2.5x0.1875L5
DL3X2.5X3/16L6,DL3x2.5x0.1875L6
DL3X2.5X3/8L0,DL3x2.5x0.375L0
DL3X2.5X3/8L2,DL3x2.5x0.375L2
DL3X2.5X3/8L3,DL3x2.5x0.375L3
DL3X2.5X3/8L4,DL3x2.5x0.375L4
DL3X2.5X3/8L5,DL3x2.5x0.375L5
DL3X2.5X3/8L6,DL3x2.5x0.375L6
DL3X2.5X5/16L0,DL3x2.5x0.3125L0
DL3X2.5X5/16L2,DL3x2.5x0.3125L2
DL3X2.5X5/16L3,DL3x2.5x0.3125L3
DL3X2.5X5/16L4,DL3x2.5x0.3125L4
DL3X2.5X5/16L5,DL3x2.5x0.3125L5
DL3X2.5X5/16L6,DL3x2.5x0.3125L6
DL3X2.5X7/16L0,DL3x2.5x0.4375L0
DL3X2.5X7/16L2,DL3x2.5x0.4375L2
DL3X2.5X7/16L3,DL3x2.5x0.4375L3
DL3X2.5X7/16L4,DL3x2.5x0.4375L4
DL3X2.5X7/16L5,DL3x2.5x0.4375L5
DL3X2.5X7/16L6,DL3x2.5x0.4375L6
DL3X2X1/2L0,DL3x2x0.5L0
DL3X2X1/2L2,DL3x2x0.5L2
DL3X2X1/2L3,DL3x2x0.5L3
DL3X2X1/2L4,DL3x2x0.5L4
DL3X2X1/2L5,DL3x2x0.5L5
DL3X2X1/2L6,DL3x2x0.5L6
DL3X2X1/4L0,DL3x2x0.25L0
DL3X2X1/4L2,DL3x2x0.25L2
DL3X2X1/4L3,DL3x2x0.25L3
DL3X2X1/4L4,DL3x2x0.25L4
DL3X2X1/4L5,DL3x2x0.25L5
DL3X2X1/4L6,DL3x2x0.25L6
DL3X2X3/16L0,DL3x2x0.1875L0
DL3X2X3/16L2,DL3x2x0.1875L2
DL3X2X3/16L3,DL3x2x0.1875L3
DL3X2X3/16L4,DL3x2x0.1875L4
DL3X2X3/16L5,DL3x2x0.1875L5
DL3X2X3/16L6,DL3x2x0.1875L6
DL3X2X3/8L0,DL3x2x0.375L0
DL3X2X3/8L2,DL3x2x0.375L2
DL3X2X3/8L3,DL3x2x0.375L3
DL3X2X3/8L4,DL3x2x0.375L4
DL3X2X3/8L5,DL3x2x0.375L5
DL3X2X3/8L6,DL3x2x0.375L6
DL3X2X5/16L0,DL3x2x0.3125L0
DL3X2X5/16L2,DL3x2x0.3125L2
DL3X2X5/16L3,DL3x2x0.3125L3
DL3X2X5/16L4,DL3x2x0.3125L4
DL3X2X5/16L5,DL3x2x0.3125L5
DL3X2X5/16L6,DL3x2x0.3125L6
DL3X2X7/16L0,DL3x2x0.4375L0
DL3X2X7/16L2,DL3x2x0.4375L2
DL3X2X7/16L3,DL3x2x0.4375L3
DL3X2X7/16L4,DL3x2x0.4375L4
DL3X2X7/16L5,DL3x2x0.4375L5
DL3X2X7/16L6,DL3x2x0.4375L6
DL3X3.5X1/2L0,DL3x3.5x0.5L0
DL3X3.5X1/2L2,DL3x3.5x0.5L2
DL3X3.5X1/2L3,DL3x3.5x0.5L3
DL3X3.5X1/2L4,DL3x3.5x0.5L4
DL3X3.5X1/2L5,DL3x3.5x0.5L5
DL3X3.5X1/2L6,DL3x3.5x0.5L6
DL3X3.5X1/4L0,DL3x3.5x0.25L0
DL3X3.5X1/4L2,DL3x3.5x0.25L2
DL3X3.5X1/4L3,DL3x3.5x0.25L3
DL3X3.5X1/4L4,DL3x3.5x0.25L4
DL3X3.5X1/4L5,DL3x3.5x0.25L5
DL3X3.5X1/4L6,DL3x3.5x0.25L6
DL3X3.5X3/8L0,DL3x3.5x0.375L0
DL3X3.5X3/8L2,DL3x3.5x0.375L2
DL3X3.5X3/8L3,DL3x3.5x0.375L3
DL3X3.5X3/8L4,DL3x3.5x0.375L4
DL3X3.5X3/8L5,DL3x3.5x0.375L5
DL3X3.5X3/8L6,DL3x3.5x0.375L6
DL3X3.5X5/16L0,DL3x3.5x0.3125L0
DL3X3.5X5/16L2,DL3x3.5x0.3125L2
DL3X3.5X5/16L3,DL3x3.5x0.3125L3
DL3X3.5X5/16L4,DL3x3.5x0.3125L4
DL3X3.5X5/16L5,DL3x3.5x0.3125L5
DL3X3.5X5/16L6,DL3x3.5x0.3125L6
DL3X3.5X7/16L0,DL3x3.5x0.4375L0
DL3X3.5X7/16L2,DL3x3.5x0.4375L2
DL3X3.5X7/16L3,DL3x3.5x0.4375L3
DL3X3.5X7/16L4,DL3x3.5x0.4375L4
DL3X3.5X7/16L5,DL3x3.5x0.4375L5
DL3X3.5X7/16L6,DL3x3.5x0.4375L6
DL3X3X1/2L0,DL3x3x0.5L0
DL3X3X1/2L2,DL3x3x0.5L2
DL3X3X1/2L3,DL3x3x0.5L3
DL3X3X1/2L4,DL3x3x0.5L4
DL3X3X1/2L5,DL3x3x0.5L5
DL3X3X1/2L6,DL3x3x0.5L6
DL3X3X1/4L0,DL3x3x0.25L0
DL3X3X1/4L2,DL3x3x0.25L2
DL3X3X1/4L3,DL3x3x0.25L3
DL3X3X1/4L4,DL3x3x0.25L4
DL3X3X1/4L5,DL3x3x0.25L5
DL3X3X1/4L6,DL3x3x0.25L6
DL3X3X3/16L0,DL3x3x0.1875L0
DL3X3X3/16L2,DL3x3x0.1875L2
DL3X3X3/16L3,DL3x3x0.1875L3
DL3X3X3/16L4,DL3x3x0.1875L4
DL3X3X3/16L5,DL3x3x0.1875L5
DL3X3X3/16L6,DL3x3x0.1875L6
DL3X3X3/8L0,DL3x3x0.375L0
DL3X3X3/8L2,DL3x3x0.375L2
DL3X3X3/8L3,DL3x3x0.375L3
DL3X3X3/8L4,DL3x3x0.375L4
DL3X3X3/8L5,DL3x3x0.375L5
DL3X3X3/8L6,DL3x3x0.375L6
DL3X3X5/16L0,DL3x3x0.3125L0
DL3X3X5/16L2,DL3x3x0.3125L2
DL3X3X5/16L3,DL3x3x0.3125L3
DL3X3X5/16L4,DL3x3x0.3125L4
DL3X3X5/16L5,DL3x3x0.3125L5
DL3X3X5/16L6,DL3x3x0.3125L6
DL3X3X7/16L0,DL3x3x0.4375L0
DL3X3X7/16L2,DL3x3x0.4375L2
DL3X3X7/16L3,DL3x3x0.4375L3
DL3X3X7/16L4,DL3x3x0.4375L4
DL3X3X7/16L5,DL3x3x0.4375L5
DL3X3X7/16L6,DL3x3x0.4375L6
DL3X4X1/2L0,DL3x4x0.5L0
DL3X4X1/2L2,DL3x4x0.5L2
DL3X4X1/2L3,DL3x4x0.5L3
DL3X4X1/2L4,DL3x4x0.5L4
DL3X4X1/2L5,DL3x4x0.5L5
DL3X4X1/2L6,DL3x4x0.5L6
DL3X4X1/4L0,DL3x4x0.25L0
DL3X4X1/4L2,DL3x4x0.25L2
DL3X4X1/4L3,DL3x4x0.25L3
DL3X4X1/4L4,DL3x4x0.25L4
DL3X4X1/4L5,DL3x4x0.25L5
DL3X4X1/4L6,DL3x4x0.25L6
DL3X4X3/8L0,DL3x4x0.375L0
DL3X4X3/8L2,DL3x4x0.375L2
DL3X4X3/8L3,DL3x4x0.375L3
DL3X4X3/8L4,DL3x4x0.375L4
DL3X4X3/8L5,DL3x4x0.375L5
DL3X4X3/8L6,DL3x4x0.375L6
DL3X4X5/16L0,DL3x4x0.3125L0
DL3X4X5/16L2,DL3x4x0.3125L2
DL3X4X5/16L3,DL3x4x0.3125L3
DL3X4X5/16L4,DL3x4x0.3125L4
DL3X4X5/16L5,DL3x4x0.3125L5
DL3X4X5/16L6,DL3x4x0.3125L6
DL3X4X5/8L0,DL3x4x0.625L0
DL3X4X5/8L2,DL3x4x0.625L2
DL3X4X5/8L3,DL3x4x0.625L3
DL3X4X5/8L4,DL3x4x0.625L4
DL3X4X5/8L5,DL3x4x0.625L5
DL3X4X5/8L6,DL3x4x0.625L6
DL3X4X7/16L0,DL3x4x0.4375L0
DL3X4X7/16L2,DL3x4x0.4375L2
DL3X4X7/16L3,DL3x4x0.4375L3
DL3X4X7/16L4,DL3x4x0.4375L4
DL3X4X7/16L5,DL3x4x0.4375L5
DL3X4X7/16L6,DL3x4x0.4375L6
DL3X5X1/2L0,DL3x5x0.5L0
DL3X5X1/2L2,DL3x5x0.5L2
DL3X5X1/2L3,DL3x5x0.5L3
DL3X5X1/2L4,DL3x5x0.5L4
DL3X5X1/2L5,DL3x5x0.5L5
DL3X5X1/2L6,DL3x5x0.5L6
DL3X5X1/4L0,DL3x5x0.25L0
DL3X5X1/4L2,DL3x5x0.25L2
DL3X5X1/4L3,DL3x5x0.25L3
DL3X5X1/4L4,DL3x5x0.25L4
DL3X5X1/4L5,DL3x5x0.25L5
DL3X5X1/4L6,DL3x5x0.25L6
DL3X5X3/8L0,DL3x5x0.375L0
DL3X5X3/8L2,DL3x5x0.375L2
DL3X5X3/8L3,DL3x5x0.375L3
DL3X5X3/8L4,DL3x5x0.375L4
DL3X5X3/8L5,DL3x5x0.375L5
DL3X5X3/8L6,DL3x5x0.375L6
DL3X5X5/16L0,DL3x5x0.3125L0
DL3X5X5/16L2,DL3x5x0.3125L2
DL3X5X5/16L3,DL3x5x0.3125L3
DL3X5X5/16L4,DL3x5x0.3125L4
DL3X5X5/16L5,DL3x5x0.3125L5
DL3X5X5/16L6,DL3x5x0.3125L6
DL3X5X7/16L0,DL3x5x0.4375L0
DL3X5X7/16L2,DL3x5x0.4375L2
DL3X5X7/16L3,DL3x5x0.4375L3
DL3X5X7/16L4,DL3x5x0.4375L4
DL3X5X7/16L5,DL3x5x0.4375L5
DL3X5X7/16L6,DL3x5x0.4375L6
DL4X3.5X1/2L0,DL4x3.5x0.5L0
DL4X3.5X1/2L2,DL4x3.5x0.5L2
DL4X3.5X1/2L3,DL4x3.5x0.5L3
DL4X3.5X1/2L4,DL4x3.5x0.5L4
DL4X3.5X1/2L5,DL4x3.5x0.5L5
DL4X3.5X1/2L6,DL4x3.5x0.5L6
DL4X3.5X1/4L0,DL4x3.5x0.25L0
DL4X3.5X1/4L2,DL4x3.5x0.25L2
DL4X3.5X1/4L3,DL4x3.5x0.25L3
DL4X3.5X1/4L4,DL4x3.5x0.25L4
DL4X3.5X1/4L5,DL4x3.5x0.25L5
DL4X3.5X1/4L6,DL4x3.5x0.25L6
DL4X3.5X3/8L0,DL4x3.5x0.375L0
DL4X3.5X3/8L2,DL4x3.5x0.375L2
DL4X3.5X3/8L3,DL4x3.5x0.375L3
DL4X3.5X3/8L4,DL4x3.5x0.375L4
DL4X3.5X3/8L5,DL4x3.5x0.375L5
DL4X3.5X3/8L6,DL4x3.5x0.375L6
DL4X3.5X5/16L0,DL4x3.5x0.3125L0
DL4X3.5X5/16L2,DL4x3.5x0.3125L2
DL4X3.5X5/16L3,DL4x3.5x0.3125L3
DL4X3.5X5/16L4,DL4x3.5x0.3125L4
DL4X3.5X5/16L5,DL4x3.5x0.3125L5
DL4X3.5X5/16L6,DL4x3.5x0.3125L6
DL4X3.5X5/8L0,DL4x3.5x0.625L0
DL4X3.5X5/8L2,DL4x3.5x0.625L2
DL4X3.5X5/8L3,DL4x3.5x0.625L3
DL4X3.5X5/8L4,DL4x3.5x0.625L4
DL4X3.5X5/8L5,DL4x3.5x0.625L5
DL4X3.5X5/8L6,DL4x3.5x0.625L6
DL4X3.5X7/16L0,DL4x3.5x0.4375L0
DL4X3.5X7/16L2,DL4x3.5x0.4375L2
DL4X3.5X7/16L3,DL4x3.5x0.4375L3
DL4X3.5X7/16L4,DL4x3.5x0.4375L4
DL4X3.5X7/16L5,DL4x3.5x0.4375L5
DL4X3.5X7/16L6,DL4x3.5x0.4375L6
DL4X3X1/2L0,DL4x3x0.5L0
DL4X3X1/2L2,DL4x3x0.5L2
DL4X3X1/2L3,DL4x3x0.5L3
DL4X3X1/2L4,DL4x3x0.5L4
DL4X3X1/2L5,DL4x3x0.5L5
DL4X3X1/2L6,DL4x3x0.5L6
DL4X3X1/4L0,DL4x3x0.25L0
DL4X3X1/4L2,DL4x3x0.25L2
DL4X3X1/4L3,DL4x3x0.25L3
DL4X3X1/4L4,DL4x3x0.25L4
DL4X3X1/4L5,DL4x3x0.25L5
DL4X3X1/4L6,DL4x3x0.25L6
DL4X3X3/8L0,DL4x3x0.375L0
DL4X3X3/8L2,DL4x3x0.375L2
DL4X3X3/8L3,DL4x3x0.375L3
DL4X3X3/8L4,DL4x3x0.375L4
DL4X3X3/8L5,DL4x3x0.375L5
DL4X3X3/8L6,DL4x3x0.375L6
DL4X3X5/16L0,DL4x3x0.3125L0
DL4X3X5/16L2,DL4x3x0.3125L2
DL4X3X5/16L3,DL4x3x0.3125L3
DL4X3X5/16L4,DL4x3x0.3125L4
DL4X3X5/16L5,DL4x3x0.3125L5
DL4X3X5/16L6,DL4x3x0.3125L6
DL4X3X5/8L0,DL4x3x0.625L0
DL4X3X5/8L2,DL4x3x0.625L2
DL4X3X5/8L3,DL4x3x0.625L3
DL4X3X5/8L4,DL4x3x0.625L4
DL4X3X5/8L5,DL4x3x0.625L5
DL4X3X5/8L6,DL4x3x0.625L6
DL4X3X7/16L0,DL4x3x0.4375L0
DL4X3X7/16L2,DL4x3x0.4375L2
DL4X3X7/16L3,DL4x3x0.4375L3
DL4X3X7/16L4,DL4x3x0.4375L4
DL4X3X7/16L5,DL4x3x0.4375L5
DL4X3X7/16L6,DL4x3x0.4375L6
DL4X4X1/2L0,DL4x4x0.5L0
DL4X4X1/2L2,DL4x4x0.5L2
DL4X4X1/2L3,DL4x4x0.5L3
DL4X4X1/2L4,DL4x4x0.5L4
DL4X4X1/2L5,DL4x4x0.5L5
DL4X4X1/2L6,DL4x4x0.5L6
DL4X4X1/4L0,DL4x4x0.25L0
DL4X4X1/4L2,DL4x4x0.25L2
DL4X4X1/4L3,DL4x4x0.25L3
DL4X4X1/4L4,DL4x4x0.25L4
DL4X4X1/4L5,DL4x4x0.25L5
DL4X4X1/4L6,DL4x4x0.25L6
DL4X4X3/4L0,DL4x4x0.75L0
DL4X4X3/4L2,DL4x4x0.75L2
DL4X4X3/4L3,DL4x4x0.75L3
DL4X4X3/4L4,DL4x4x0.75L4
DL4X4X3/4L5,DL4x4x0.75L5
DL4X4X3/4L6,DL4x4x0.75L6
DL4X4X3/8L0,DL4x4x0.375L0
DL4X4X3/8L2,DL4x4x0.375L2
DL4X4X3/8L3,DL4x4x0.375L3
DL4X4X3/8L4,DL4x4x0.375L4
DL4X4X3/8L5,DL4x4x0.375L5
DL4X4X3/8L6,DL4x4x0.375L6
DL4X4X5/16L0,DL4x4x0.3125L0
DL4X4X5/16L2,DL4x4x0.3125L2
DL4X4X5/16L3,DL4x4x0.3125L3
DL4X4X5/16L4,DL4x4x0.3125L4
DL4X4X5/16L5,DL4x4x0.3125L5
DL4X4X5/16L6,DL4x4x0.3125L6
DL4X4X5/8L0,DL4x4x0.625L0
DL4X4X5/8L2,DL4x4x0.625L2
DL4X4X5/8L3,DL4x4x0.625L3
DL4X4X5/8L4,DL4x4x0.625L4
DL4X4X5/8L5,DL4x4x0.625L5
DL4X4X5/8L6,DL4x4x0.625L6
DL4X4X7/16L0,DL4x4x0.4375L0
DL4X4X7/16L2,DL4x4x0.4375L2
DL4X4X7/16L3,DL4x4x0.4375L3
DL4X4X7/16L4,DL4x4x0.4375L4
DL4X4X7/16L5,DL4x4x0.4375L5
DL4X4X7/16L6,DL4x4x0.4375L6
DL4X6X1/2L0,DL4x6x0.5L0
DL4X6X1/2L2,DL4x6x0.5L2
DL4X6X1/2L3,DL4x6x0.5L3
DL4X6X1/2L4,DL4x6x0.5L4
DL4X6X1/2L5,DL4x6x0.5L5
DL4X6X1/2L6,DL4x6x0.5L6
DL4X6X1/4L0,DL4x6x0.25L0
DL4X6X1/4L2,DL4x6x0.25L2
DL4X6X1/4L3,DL4x6x0.25L3
DL4X6X1/4L4,DL4x6x0.25L4
DL4X6X1/4L5,DL4x6x0.25L5
DL4X6X1/4L6,DL4x6x0.25L6
DL4X6X3/4L0,DL4x6x0.75L0
DL4X6X3/4L2,DL4x6x0.75L2
DL4X6X3/4L3,DL4x6x0.75L3
DL4X6X3/4L4,DL4x6x0.75L4
DL4X6X3/4L5,DL4x6x0.75L5
DL4X6X3/4L6,DL4x6x0.75L6
DL4X6X3/8L0,DL4x6x0.375L0
DL4X6X3/8L2,DL4x6x0.375L2
DL4X6X3/8L3,DL4x6x0.375L3
DL4X6X3/8L4,DL4x6x0.375L4
DL4X6X3/8L5,DL4x6x0.375L5
DL4X6X3/8L6,DL4x6x0.375L6
DL4X6X5/16L0,DL4x6x0.3125L0
DL4X6X5/16L2,DL4x6x0.3125L2
DL4X6X5/16L3,DL4x6x0.3125L3
DL4X6X5/16L4,DL4x6x0.3125L4
DL4X6X5/16L5,DL4x6x0.3125L5
DL4X6X5/16L6,DL4x6x0.3125L6
DL4X6X5/8L0,DL4x6x0.625L0
DL4X6X5/8L2,DL4x6x0.625L2
DL4X6X5/8L3,DL4x6x0.625L3
DL4X6X5/8L4,DL4x6x0.625L4
DL4X6X5/8L5,DL4x6x0.625L5
DL4X6X5/8L6,DL4x6x0.625L6
DL4X6X7/16L0,DL4x6x0.4375L0
DL4X6X7/16L2,DL4x6x0.4375L2
DL4X6X7/16L3,DL4x6x0.4375L3
DL4X6X7/16L4,DL4x6x0.4375L4
DL4X6X7/16L5,DL4x6x0.4375L5
DL4X6X7/16L6,DL4x6x0.4375L6
DL4X6X7/8L0,DL4x6x0.875L0
DL4X6X7/8L2,DL4x6x0.875L2
DL4X6X7/8L3,DL4x6x0.875L3
DL4X6X7/8L4,DL4x6x0.875L4
DL4X6X7/8L5,DL4x6x0.875L5
DL4X6X7/8L6,DL4x6x0.875L6
DL4X6X9/16L0,DL4x6x0.5625L0
DL4X6X9/16L2,DL4x6x0.5625L2
DL4X6X9/16L3,DL4x6x0.5625L3
DL4X6X9/16L4,DL4x6x0.5625L4
DL4X6X9/16L5,DL4x6x0.5625L5
DL4X6X9/16L6,DL4x6x0.5625L6
DL4X7X1/2L0,DL4x7x0.5L0
DL4X7X1/2L2,DL4x7x0.5L2
DL4X7X1/2L3,DL4x7x0.5L3
DL4X7X1/2L4,DL4x7x0.5L4
DL4X7X1/2L5,DL4x7x0.5L5
DL4X7X1/2L6,DL4x7x0.5L6
DL4X7X3/4L0,DL4x7x0.75L0
DL4X7X3/4L2,DL4x7x0.75L2
DL4X7X3/4L3,DL4x7x0.75L3
DL4X7X3/4L4,DL4x7x0.75L4
DL4X7X3/4L5,DL4x7x0.75L5
DL4X7X3/4L6,DL4x7x0.75L6
DL4X7X3/8L0,DL4x7x0.375L0
DL4X7X3/8L2,DL4x7x0.375L2
DL4X7X3/8L3,DL4x7x0.375L3
DL4X7X3/8L4,DL4x7x0.375L4
DL4X7X3/8L5,DL4x7x0.375L5
DL4X7X3/8L6,DL4x7x0.375L6
DL4X7X5/8L0,DL4x7x0.625L0
DL4X7X5/8L2,DL4x7x0.625L2
DL4X7X5/8L3,DL4x7x0.625L3
DL4X7X5/8L4,DL4x7x0.625L4
DL4X7X5/8L5,DL4x7x0.625L5
DL4X7X5/8L6,DL4x7x0.625L6
DL4X7X7/16L0,DL4x7x0.4375L0
DL4X7X7/16L2,DL4x7x0.4375L2
DL4X7X7/16L3,DL4x7x0.4375L3
DL4X7X7/16L4,DL4x7x0.4375L4
DL4X7X7/16L5,DL4x7x0.4375L5
DL4X7X7/16L6,DL4x7x0.4375L6
DL4X7X7/8L0,DL4x7x0.875L0
DL4X7X7/8L2,DL4x7x0.875L2
DL4X7X7/8L3,DL4x7x0.875L3
DL4X7X7/8L4,DL4x7x0.875L4
DL4X7X7/8L5,DL4x7x0.875L5
DL4X7X7/8L6,DL4x7x0.875L6
DL4X7X9/16L0,DL4x7x0.5625L0
DL4X7X9/16L2,DL4x7x0.5625L2
DL4X7X9/16L3,DL4x7x0.5625L3
DL4X7X9/16L4,DL4x7x0.5625L4
DL4X7X9/16L5,DL4x7x0.5625L5
DL4X7X9/16L6,DL4x7x0.5625L6
DL4X8X1/2L0,DL4x8x0.5L0
DL4X8X1/2L2,DL4x8x0.5L2
DL4X8X1/2L3,DL4x8x0.5L3
DL4X8X1/2L4,DL4x8x0.5L4
DL4X8X1/2L5,DL4x8x0.5L5
DL4X8X1/2L6,DL4x8x0.5L6
DL4X8X1L0,DL4x8x1L0
DL4X8X1L2,DL4x8x1L2
DL4X8X1L3,DL4x8x1L3
DL4X8X1L4,DL4x8x1L4
DL4X8X1L5,DL4x8x1L5
DL4X8X1L6,DL4x8x1L6
DL4X8X3/4L0,DL4x8x0.75L0
DL4X8X3/4L2,DL4x8x0.75L2
DL4X8X3/4L3,DL4x8x0.75L3
DL4X8X3/4L4,DL4x8x0.75L4
DL4X8X3/4L5,DL4x8x0.75L5
DL4X8X3/4L6,DL4x8x0.75L6
DL4X8X5/8L0,DL4x8x0.625L0
DL4X8X5/8L2,DL4x8x0.625L2
DL4X8X5/8L3,DL4x8x0.625L3
DL4X8X5/8L4,DL4x8x0.625L4
DL4X8X5/8L5,DL4x8x0.625L5
DL4X8X5/8L6,DL4x8x0.625L6
DL4X8X7/16L0,DL4x8x0.4375L0
DL4X8X7/16L2,DL4x8x0.4375L2
DL4X8X7/16L3,DL4x8x0.4375L3
DL4X8X7/16L4,DL4x8x0.4375L4
DL4X8X7/16L5,DL4x8x0.4375L5
DL4X8X7/16L6,DL4x8x0.4375L6
DL4X8X7/8L0,DL4x8x0.875L0
DL4X8X7/8L2,DL4x8x0.875L2
DL4X8X7/8L3,DL4x8x0.875L3
DL4X8X7/8L4,DL4x8x0.875L4
DL4X8X7/8L5,DL4x8x0.875L5
DL4X8X7/8L6,DL4x8x0.875L6
DL4X8X9/16L0,DL4x8x0.5625L0
DL4X8X9/16L2,DL4x8x0.5625L2
DL4X8X9/16L3,DL4x8x0.5625L3
DL4X8X9/16L4,DL4x8x0.5625L4
DL4X8X9/16L5,DL4x8x0.5625L5
DL4X8X9/16L6,DL4x8x0.5625L6
DL4X9X1/2L0,DL4x9x0.5L0
DL4X9X1/2L2,DL4x9x0.5L2
DL4X9X1/2L3,DL4x9x0.5L3
DL4X9X1/2L4,DL4x9x0.5L4
DL4X9X1/2L5,DL4x9x0.5L5
DL4X9X1/2L6,DL4x9x0.5L6
DL4X9X1L0,DL4x9x1L0
DL4X9X1L2,DL4x9x1L2
DL4X9X1L3,DL4x9x1L3
DL4X9X1L4,DL4x9x1L4
DL4X9X1L5,DL4x9x1L5
DL4X9X1L6,DL4x9x1L6
DL4X9X3/4L0,DL4x9x0.75L0
DL4X9X3/4L2,DL4x9x0.75L2
DL4X9X3/4L3,DL4x9x0.75L3
DL4X9X3/4L4,DL4x9x0.75L4
DL4X9X3/4L5,DL4x9x0.75L5
DL4X9X3/4L6,DL4x9x0.75L6
DL4X9X5/8L0,DL4x9x0.625L0
DL4X9X5/8L2,DL4x9x0.625L2
DL4X9X5/8L3,DL4x9x0.625L3
DL4X9X5/8L4,DL4x9x0.625L4
DL4X9X5/8L5,DL4x9x0.625L5
DL4X9X5/8L6,DL4x9x0.625L6
DL4X9X7/8L0,DL4x9x0.875L0
DL4X9X7/8L2,DL4x9x0.875L2
DL4X9X7/8L3,DL4x9x0.875L3
DL4X9X7/8L4,DL4x9x0.875L4
DL4X9X7/8L5,DL4x9x0.875L5
DL4X9X7/8L6,DL4x9x0.875L6
DL4X9X9/16L0,DL4x9x0.5625L0
DL4X9X9/16L2,DL4x9x0.5625L2
DL4X9X9/16L3,DL4x9x0.5625L3
DL4X9X9/16L4,DL4x9x0.5625L4
DL4X9X9/16L5,DL4x9x0.5625L5
DL4X9X9/16L6,DL4x9x0.5625L6
DL5X3.5X1/2L0,DL5x3.5x0.5L0
DL5X3.5X1/2L2,DL5x3.5x0.5L2
DL5X3.5X1/2L3,DL5x3.5x0.5L3
DL5X3.5X1/2L4,DL5x3.5x0.5L4
DL5X3.5X1/2L5,DL5x3.5x0.5L5
DL5X3.5X1/2L6,DL5x3.5x0.5L6
DL5X3.5X1/4L0,DL5x3.5x0.25L0
DL5X3.5X1/4L2,DL5x3.5x0.25L2
DL5X3.5X1/4L3,DL5x3.5x0.25L3
DL5X3.5X1/4L4,DL5x3.5x0.25L4
DL5X3.5X1/4L5,DL5x3.5x0.25L5
DL5X3.5X1/4L6,DL5x3.5x0.25L6
DL5X3.5X3/4L0,DL5x3.5x0.75L0
DL5X3.5X3/4L2,DL5x3.5x0.75L2
DL5X3.5X3/4L3,DL5x3.5x0.75L3
DL5X3.5X3/4L4,DL5x3.5x0.75L4
DL5X3.5X3/4L5,DL5x3.5x0.75L5
DL5X3.5X3/4L6,DL5x3.5x0.75L6
DL5X3.5X3/8L0,DL5x3.5x0.375L0
DL5X3.5X3/8L2,DL5x3.5x0.375L2
DL5X3.5X3/8L3,DL5x3.5x0.375L3
DL5X3.5X3/8L4,DL5x3.5x0.375L4
DL5X3.5X3/8L5,DL5x3.5x0.375L5
DL5X3.5X3/8L6,DL5x3.5x0.375L6
DL5X3.5X5/16L0,DL5x3.5x0.3125L0
DL5X3.5X5/16L2,DL5x3.5x0.3125L2
DL5X3.5X5/16L3,DL5x3.5x0.3125L3
DL5X3.5X5/16L4,DL5x3.5x0.3125L4
DL5X3.5X5/16L5,DL5x3.5x0.3125L5
DL5X3.5X5/16L6,DL5x3.5x0.3125L6
DL5X3.5X5/8L0,DL5x3.5x0.625L0
DL5X3.5X5/8L2,DL5x3.5x0.625L2
DL5X3.5X5/8L3,DL5x3.5x0.625L3
DL5X3.5X5/8L4,DL5x3.5x0.625L4
DL5X3.5X5/8L5,DL5x3.5x0.625L5
DL5X3.5X5/8L6,DL5x3.5x0.625L6
DL5X3.5X7/16L0,DL5x3.5x0.4375L0
DL5X3.5X7/16L2,DL5x3.5x0.4375L2
DL5X3.5X7/16L3,DL5x3.5x0.4375L3
DL5X3.5X7/16L4,DL5x3.5x0.4375L4
DL5X3.5X7/16L5,DL5x3.5x0.4375L5
DL5X3.5X7/16L6,DL5x3.5x0.4375L6
DL5X3X1/2L0,DL5x3x0.5L0
DL5X3X1/2L2,DL5x3x0.5L2
DL5X3X1/2L3,DL5x3x0.5L3
DL5X3X1/2L4,DL5x3x0.5L4
DL5X3X1/2L5,DL5x3x0.5L5
DL5X3X1/2L6,DL5x3x0.5L6
DL5X3X1/4L0,DL5x3x0.25L0
DL5X3X1/4L2,DL5x3x0.25L2
DL5X3X1/4L3,DL5x3x0.25L3
DL5X3X1/4L4,DL5x3x0.25L4
DL5X3X1/4L5,DL5x3x0.25L5
DL5X3X1/4L6,DL5x3x0.25L6
DL5X3X3/8L0,DL5x3x0.375L0
DL5X3X3/8L2,DL5x3x0.375L2
DL5X3X3/8L3,DL5x3x0.375L3
DL5X3X3/8L4,DL5x3x0.375L4
DL5X3X3/8L5,DL5x3x0.375L5
DL5X3X3/8L6,DL5x3x0.375L6
DL5X3X5/16L0,DL5x3x0.3125L0
DL5X3X5/16L2,DL5x3x0.3125L2
DL5X3X5/16L3,DL5x3x0.3125L3
DL5X3X5/16L4,DL5x3x0.3125L4
DL5X3X5/16L5,DL5x3x0.3125L5
DL5X3X5/16L6,DL5x3x0.3125L6
DL5X3X7/16L0,DL5x3x0.4375L0
DL5X3X7/16L2,DL5x3x0.4375L2
DL5X3X7/16L3,DL5x3x0.4375L3
DL5X3X7/16L4,DL5x3x0.4375L4
DL5X3X7/16L5,DL5x3x0.4375L5
DL5X3X7/16L6,DL5x3x0.4375L6
DL5X5X1/2L0,DL5x5x0.5L0
DL5X5X1/2L2,DL5x5x0.5L2
DL5X5X1/2L3,DL5x5x0.5L3
DL5X5X1/2L4,DL5x5x0.5L4
DL5X5X1/2L5,DL5x5x0.5L5
DL5X5X1/2L6,DL5x5x0.5L6
DL5X5X3/4L0,DL5x5x0.75L0
DL5X5X3/4L2,DL5x5x0.75L2
DL5X5X3/4L3,DL5x5x0.75L3
DL5X5X3/4L4,DL5x5x0.75L4
DL5X5X3/4L5,DL5x5x0.75L5
DL5X5X3/4L6,DL5x5x0.75L6
DL5X5X3/8L0,DL5x5x0.375L0
DL5X5X3/8L2,DL5x5x0.375L2
DL5X5X3/8L3,DL5x5x0.375L3
DL5X5X3/8L4,DL5x5x0.375L4
DL5X5X3/8L5,DL5x5x0.375L5
DL5X5X3/8L6,DL5x5x0.375L6
DL5X5X5/16L0,DL5x5x0.3125L0
DL5X5X5/16L2,DL5x5x0.3125L2
DL5X5X5/16L3,DL5x5x0.3125L3
DL5X5X5/16L4,DL5x5x0.3125L4
DL5X5X5/16L5,DL5x5x0.3125L5
DL5X5X5/16L6,DL5x5x0.3125L6
DL5X5X5/8L0,DL5x5x0.625L0
DL5X5X5/8L2,DL5x5x0.625L2
DL5X5X5/8L3,DL5x5x0.625L3
DL5X5X5/8L4,DL5x5x0.625L4
DL5X5X5/8L5,DL5x5x0.625L5
DL5X5X5/8L6,DL5x5x0.625L6
DL5X5X7/16L0,DL5x5x0.4375L0
DL5X5X7/16L2,DL5x5x0.4375L2
DL5X5X7/16L3,DL5x5x0.4375L3
DL5X5X7/16L4,DL5x5x0.4375L4
DL5X5X7/16L5,DL5x5x0.4375L5
DL5X5X7/16L6,DL5x5x0.4375L6
DL5X5X7/8L0,DL5x5x0.875L0
DL5X5X7/8L2,DL5x5x0.875L2
DL5X5X7/8L3,DL5x5x0.875L3
DL5X5X7/8L4,DL5x5x0.875L4
DL5X5X7/8L5,DL5x5x0.875L5
DL5X5X7/8L6,DL5x5x0.875L6
DL6X3.5X1/2L0,DL6x3.5x0.5L0
DL6X3.5X1/2L2,DL6x3.5x0.5L2
DL6X3.5X1/2L3,DL6x3.5x0.5L3
DL6X3.5X1/2L4,DL6x3.5x0.5L4
DL6X3.5X1/2L5,DL6x3.5x0.5L5
DL6X3.5X1/2L6,DL6x3.5x0.5L6
DL6X3.5X1/4L0,DL6x3.5x0.25L0
DL6X3.5X1/4L2,DL6x3.5x0.25L2
DL6X3.5X1/4L3,DL6x3.5x0.25L3
DL6X3.5X1/4L4,DL6x3.5x0.25L4
DL6X3.5X1/4L5,DL6x3.5x0.25L5
DL6X3.5X1/4L6,DL6x3.5x0.25L6
DL6X3.5X3/8L0,DL6x3.5x0.375L0
DL6X3.5X3/8L2,DL6x3.5x0.375L2
DL6X3.5X3/8L3,DL6x3.5x0.375L3
DL6X3.5X3/8L4,DL6x3.5x0.375L4
DL6X3.5X3/8L5,DL6x3.5x0.375L5
DL6X3.5X3/8L6,DL6x3.5x0.375L6
DL6X3.5X5/16L0,DL6x3.5x0.3125L0
DL6X3.5X5/16L2,DL6x3.5x0.3125L2
DL6X3.5X5/16L3,DL6x3.5x0.3125L3
DL6X3.5X5/16L4,DL6x3.5x0.3125L4
DL6X3.5X5/16L5,DL6x3.5x0.3125L5
DL6X3.5X5/16L6,DL6x3.5x0.3125L6
DL6X4X1/2L0,DL6x4x0.5L0
DL6X4X1/2L2,DL6x4x0.5L2
DL6X4X1/2L3,DL6x4x0.5L3
DL6X4X1/2L4,DL6x4x0.5L4
DL6X4X1/2L5,DL6x4x0.5L5
DL6X4X1/2L6,DL6x4x0.5L6
DL6X4X1/4L0,DL6x4x0.25L0
DL6X4X1/4L2,DL6x4x0.25L2
DL6X4X1/4L3,DL6x4x0.25L3
DL6X4X1/4L4,DL6x4x0.25L4
DL6X4X1/4L5,DL6x4x0.25L5
DL6X4X1/4L6,DL6x4x0.25L6
DL6X4X3/4L0,DL6x4x0.75L0
DL6X4X3/4L2,DL6x4x0.75L2
DL6X4X3/4L3,DL6x4x0.75L3
DL6X4X3/4L4,DL6x4x0.75L4
DL6X4X3/4L5,DL6x4x0.75L5
DL6X4X3/4L6,DL6x4x0.75L6
DL6X4X3/8L0,DL6x4x0.375L0
DL6X4X3/8L2,DL6x4x0.375L2
DL6X4X3/8L3,DL6x4x0.375L3
DL6X4X3/8L4,DL6x4x0.375L4
DL6X4X3/8L5,DL6x4x0.375L5
DL6X4X3/8L6,DL6x4x0.375L6
DL6X4X5/16L0,DL6x4x0.3125L0
DL6X4X5/16L2,DL6x4x0.3125L2
DL6X4X5/16L3,DL6x4x0.3125L3
DL6X4X5/16L4,DL6x4x0.3125L4
DL6X4X5/16L5,DL6x4x0.3125L5
DL6X4X5/16L6,DL6x4x0.3125L6
DL6X4X5/8L0,DL6x4x0.625L0
DL6X4X5/8L2,DL6x4x0.625L2
DL6X4X5/8L3,DL6x4x0.625L3
DL6X4X5/8L4,DL6x4x0.625L4
DL6X4X5/8L5,DL6x4x0.625L5
DL6X4X5/8L6,DL6x4x0.625L6
DL6X4X7/16L0,DL6x4x0.4375L0
DL6X4X7/16L2,DL6x4x0.4375L2
DL6X4X7/16L3,DL6x4x0.4375L3
DL6X4X7/16L4,DL6x4x0.4375L4
DL6X4X7/16L5,DL6x4x0.4375L5
DL6X4X7/16L6,DL6x4x0.4375L6
DL6X4X7/8L0,DL6x4x0.875L0
DL6X4X7/8L2,DL6x4x0.875L2
DL6X4X7/8L3,DL6x4x0.875L3
DL6X4X7/8L4,DL6x4x0.875L4
DL6X4X7/8L5,DL6x4x0.875L5
DL6X4X7/8L6,DL6x4x0.875L6
DL6X4X9/16L0,DL6x4x0.5625L0
DL6X4X9/16L2,DL6x4x0.5625L2
DL6X4X9/16L3,DL6x4x0.5625L3
DL6X4X9/16L4,DL6x4x0.5625L4
DL6X4X9/16L5,DL6x4x0.5625L5
DL6X4X9/16L6,DL6x4x0.5625L6
DL6X6X1/2L0,DL6x6x0.5L0
DL6X6X1/2L2,DL6x6x0.5L2
DL6X6X1/2L3,DL6x6x0.5L3
DL6X6X1/2L4,DL6x6x0.5L4
DL6X6X1/2L5,DL6x6x0.5L5
DL6X6X1/2L6,DL6x6x0.5L6
DL6X6X1L0,DL6x6x1L0
DL6X6X1L2,DL6x6x1L2
DL6X6X1L3,DL6x6x1L3
DL6X6X1L4,DL6x6x1L4
DL6X6X1L5,DL6x6x1L5
DL6X6X1L6,DL6x6x1L6
DL6X6X3/4L0,DL6x6x0.75L0
DL6X6X3/4L2,DL6x6x0.75L2
DL6X6X3/4L3,DL6x6x0.75L3
DL6X6X3/4L4,DL6x6x0.75L4
DL6X6X3/4L5,DL6x6x0.75L5
DL6X6X3/4L6,DL6x6x0.75L6
DL6X6X3/8L0,DL6x6x0.375L0
DL6X6X3/8L2,DL6x6x0.375L2
DL6X6X3/8L3,DL6x6x0.375L3
DL6X6X3/8L4,DL6x6x0.375L4
DL6X6X3/8L5,DL6x6x0.375L5
DL6X6X3/8L6,DL6x6x0.375L6
DL6X6X5/16L0,DL6x6x0.3125L0
DL6X6X5/16L2,DL6x6x0.3125L2
DL6X6X5/16L3,DL6x6x0.3125L3
DL6X6X5/16L4,DL6x6x0.3125L4
DL6X6X5/16L5,DL6x6x0.3125L5
DL6X6X5/16L6,DL6x6x0.3125L6
DL6X6X5/8L0,DL6x6x0.625L0
DL6X6X5/8L2,DL6x6x0.625L2
DL6X6X5/8L3,DL6x6x0.625L3
DL6X6X5/8L4,DL6x6x0.625L4
DL6X6X5/8L5,DL6x6x0.625L5
DL6X6X5/8L6,DL6x6x0.625L6
DL6X6X7/16L0,DL6x6x0.4375L0
DL6X6X7/16L2,DL6x6x0.4375L2
DL6X6X7/16L3,DL6x6x0.4375L3
DL6X6X7/16L4,DL6x6x0.4375L4
DL6X6X7/16L5,DL6x6x0.4375L5
DL6X6X7/16L6,DL6x6x0.4375L6
DL6X6X7/8L0,DL6x6x0.875L0
DL6X6X7/8L2,DL6x6x0.875L2
DL6X6X7/8L3,DL6x6x0.875L3
DL6X6X7/8L4,DL6x6x0.875L4
DL6X6X7/8L5,DL6x6x0.875L5
DL6X6X7/8L6,DL6x6x0.875L6
DL6X6X9/16L0,DL6x6x0.5625L0
DL6X6X9/16L2,DL6x6x0.5625L2
DL6X6X9/16L3,DL6x6x0.5625L3
DL6X6X9/16L4,DL6x6x0.5625L4
DL6X6X9/16L5,DL6x6x0.5625L5
DL6X6X9/16L6,DL6x6x0.5625L6
DL6X8X1/2L0,DL6x8x0.5L0
DL6X8X1/2L2,DL6x8x0.5L2
DL6X8X1/2L3,DL6x8x0.5L3
DL6X8X1/2L4,DL6x8x0.5L4
DL6X8X1/2L5,DL6x8x0.5L5
DL6X8X1/2L6,DL6x8x0.5L6
DL6X8X1L0,DL6x8x1L0
DL6X8X1L2,DL6x8x1L2
DL6X8X1L3,DL6x8x1L3
DL6X8X1L4,DL6x8x1L4
DL6X8X1L5,DL6x8x1L5
DL6X8X1L6,DL6x8x1L6
DL6X8X3/4L0,DL6x8x0.75L0
DL6X8X3/4L2,DL6x8x0.75L2
DL6X8X3/4L3,DL6x8x0.75L3
DL6X8X3/4L4,DL6x8x0.75L4
DL6X8X3/4L5,DL6x8x0.75L5
DL6X8X3/4L6,DL6x8x0.75L6
DL6X8X5/8L0,DL6x8x0.625L0
DL6X8X5/8L2,DL6x8x0.625L2
DL6X8X5/8L3,DL6x8x0.625L3
DL6X8X5/8L4,DL6x8x0.625L4
DL6X8X5/8L5,DL6x8x0.625L5
DL6X8X5/8L6,DL6x8x0.625L6
DL6X8X7/16L0,DL6x8x0.4375L0
DL6X8X7/16L2,DL6x8x0.4375L2
DL6X8X7/16L3,DL6x8x0.4375L3
DL6X8X7/16L4,DL6x8x0.4375L4
DL6X8X7/16L5,DL6x8x0.4375L5
DL6X8X7/16L6,DL6x8x0.4375L6
DL6X8X7/8L0,DL6x8x0.875L0
DL6X8X7/8L2,DL6x8x0.875L2
DL6X8X7/8L3,DL6x8x0.875L3
DL6X8X7/8L4,DL6x8x0.875L4
DL6X8X7/8L5,DL6x8x0.875L5
DL6X8X7/8L6,DL6x8x0.875L6
DL6X8X9/16L0,DL6x8x0.5625L0
DL6X8X9/16L2,DL6x8x0.5625L2
DL6X8X9/16L3,DL6x8x0.5625L3
DL6X8X9/16L4,DL6x8x0.5625L4
DL6X8X9/16L5,DL6x8x0.5625L5
DL6X8X9/16L6,DL6x8x0.5625L6
DL7X4X1/2L0,DL7x4x0.5L0
DL7X4X1/2L2,DL7x4x0.5L2
DL7X4X1/2L3,DL7x4x0.5L3
DL7X4X1/2L4,DL7x4x0.5L4
DL7X4X1/2L5,DL7x4x0.5L5
DL7X4X1/2L6,DL7x4x0.5L6
DL7X4X3/4L0,DL7x4x0.75L0
DL7X4X3/4L2,DL7x4x0.75L2
DL7X4X3/4L3,DL7x4x0.75L3
DL7X4X3/4L4,DL7x4x0.75L4
DL7X4X3/4L5,DL7x4x0.75L5
DL7X4X3/4L6,DL7x4x0.75L6
DL7X4X3/8L0,DL7x4x0.375L0
DL7X4X3/8L2,DL7x4x0.375L2
DL7X4X3/8L3,DL7x4x0.375L3
DL7X4X3/8L4,DL7x4x0.375L4
DL7X4X3/8L5,DL7x4x0.375L5
DL7X4X3/8L6,DL7x4x0.375L6
DL7X4X5/8L0,DL7x4x0.625L0
DL7X4X5/8L2,DL7x4x0.625L2
DL7X4X5/8L3,DL7x4x0.625L3
DL7X4X5/8L4,DL7x4x0.625L4
DL7X4X5/8L5,DL7x4x0.625L5
DL7X4X5/8L6,DL7x4x0.625L6
DL7X4X7/16L0,DL7x4x0.4375L0
DL7X4X7/16L2,DL7x4x0.4375L2
DL7X4X7/16L3,DL7x4x0.4375L3
DL7X4X7/16L4,DL7x4x0.4375L4
DL7X4X7/16L5,DL7x4x0.4375L5
DL7X4X7/16L6,DL7x4x0.4375L6
DL7X4X7/8L0,DL7x4x0.875L0
DL7X4X7/8L2,DL7x4x0.875L2
DL7X4X7/8L3,DL7x4x0.875L3
DL7X4X7/8L4,DL7x4x0.875L4
DL7X4X7/8L5,DL7x4x0.875L5
DL7X4X7/8L6,DL7x4x0.875L6
DL7X4X9/16L0,DL7x4x0.5625L0
DL7X4X9/16L2,DL7x4x0.5625L2
DL7X4X9/16L3,DL7x4x0.5625L3
DL7X4X9/16L4,DL7x4x0.5625L4
DL7X4X9/16L5,DL7x4x0.5625L5
DL7X4X9/16L6,DL7x4x0.5625L6
DL8X4X1/2L0,DL8x4x0.5L0
DL8X4X1/2L2,DL8x4x0.5L2
DL8X4X1/2L3,DL8x4x0.5L3
DL8X4X1/2L4,DL8x4x0.5L4
DL8X4X1/2L5,DL8x4x0.5L5
DL8X4X1/2L6,DL8x4x0.5L6
DL8X4X1L0,DL8x4x1L0
DL8X4X1L2,DL8x4x1L2
DL8X4X1L3,DL8x4x1L3
DL8X4X1L4,DL8x4x1L4
DL8X4X1L5,DL8x4x1L5
DL8X4X1L6,DL8x4x1L6
DL8X4X3/4L0,DL8x4x0.75L0
DL8X4X3/4L2,DL8x4x0.75L2
DL8X4X3/4L3,DL8x4x0.75L3
DL8X4X3/4L4,DL8x4x0.75L4
DL8X4X3/4L5,DL8x4x0.75L5
DL8X4X3/4L6,DL8x4x0.75L6
DL8X4X5/8L0,DL8x4x0.625L0
DL8X4X5/8L2,DL8x4x0.625L2
DL8X4X5/8L3,DL8x4x0.625L3
DL8X4X5/8L4,DL8x4x0.625L4
DL8X4X5/8L5,DL8x4x0.625L5
DL8X4X5/8L6,DL8x4x0.625L6
DL8X4X7/16L0,DL8x4x0.4375L0
DL8X4X7/16L2,DL8x4x0.4375L2
DL8X4X7/16L3,DL8x4x0.4375L3
DL8X4X7/16L4,DL8x4x0.4375L4
DL8X4X7/16L5,DL8x4x0.4375L5
DL8X4X7/16L6,DL8x4x0.4375L6
DL8X4X7/8L0,DL8x4x0.875L0
DL8X4X7/8L2,DL8x4x0.875L2
DL8X4X7/8L3,DL8x4x0.875L3
DL8X4X7/8L4,DL8x4x0.875L4
DL8X4X7/8L5,DL8x4x0.875L5
DL8X4X7/8L6,DL8x4x0.875L6
DL8X4X9/16L0,DL8x4x0.5625L0
DL8X4X9/16L2,DL8x4x0.5625L2
DL8X4X9/16L3,DL8x4x0.5625L3
DL8X4X9/16L4,DL8x4x0.5625L4
DL8X4X9/16L5,DL8x4x0.5625L5
DL8X4X9/16L6,DL8x4x0.5625L6
DL8X6X1/2L0,DL8x6x0.5L0
DL8X6X1/2L2,DL8x6x0.5L2
DL8X6X1/2L3,DL8x6x0.5L3
DL8X6X1/2L4,DL8x6x0.5L4
DL8X6X1/2L5,DL8x6x0.5L5
DL8X6X1/2L6,DL8x6x0.5L6
DL8X6X1L0,DL8x6x1L0
DL8X6X1L2,DL8x6x1L2
DL8X6X1L3,DL8x6x1L3
DL8X6X1L4,DL8x6x1L4
DL8X6X1L5,DL8x6x1L5
DL8X6X1L6,DL8x6x1L6
DL8X6X3/4L0,DL8x6x0.75L0
DL8X6X3/4L2,DL8x6x0.75L2
DL8X6X3/4L3,DL8x6x0.75L3
DL8X6X3/4L4,DL8x6x0.75L4
DL8X6X3/4L5,DL8x6x0.75L5
DL8X6X3/4L6,DL8x6x0.75L6
DL8X6X5/8L0,DL8x6x0.625L0
DL8X6X5/8L2,DL8x6x0.625L2
DL8X6X5/8L3,DL8x6x0.625L3
DL8X6X5/8L4,DL8x6x0.625L4
DL8X6X5/8L5,DL8x6x0.625L5
DL8X6X5/8L6,DL8x6x0.625L6
DL8X6X7/16L0,DL8x6x0.4375L0
DL8X6X7/16L2,DL8x6x0.4375L2
DL8X6X7/16L3,DL8x6x0.4375L3
DL8X6X7/16L4,DL8x6x0.4375L4
DL8X6X7/16L5,DL8x6x0.4375L5
DL8X6X7/16L6,DL8x6x0.4375L6
DL8X6X7/8L0,DL8x6x0.875L0
DL8X6X7/8L2,DL8x6x0.875L2
DL8X6X7/8L3,DL8x6x0.875L3
DL8X6X7/8L4,DL8x6x0.875L4
DL8X6X7/8L5,DL8x6x0.875L5
DL8X6X7/8L6,DL8x6x0.875L6
DL8X6X9/16L0,DL8x6x0.5625L0
DL8X6X9/16L2,DL8x6x0.5625L2
DL8X6X9/16L3,DL8x6x0.5625L3
DL8X6X9/16L4,DL8x6x0.5625L4
DL8X6X9/16L5,DL8x6x0.5625L5
DL8X6X9/16L6,DL8x6x0.5625L6
DL8X8X1/2L0,DL8x8x0.5L0
DL8X8X1/2L2,DL8x8x0.5L2
DL8X8X1/2L3,DL8x8x0.5L3
DL8X8X1/2L4,DL8x8x0.5L4
DL8X8X1/2L5,DL8x8x0.5L5
DL8X8X1/2L6,DL8x8x0.5L6
DL8X8X13/8L0,DL8x8x10.375L0
DL8X8X13/8L2,DL8x8x10.375L2
DL8X8X13/8L3,DL8x8x10.375L3
DL8X8X13/8L4,DL8x8x10.375L4
DL8X8X13/8L5,DL8x8x10.375L5
DL8X8X13/8L6,DL8x8x10.375L6
DL8X8X1L0,DL8x8x1L0
DL8X8X1L2,DL8x8x1L2
DL8X8X1L3,DL8x8x1L3
DL8X8X1L4,DL8x8x1L4
DL8X8X1L5,DL8x8x1L5
DL8X8X1L6,DL8x8x1L6
DL8X8X3/4L0,DL8x8x0.75L0
DL8X8X3/4L2,DL8x8x0.75L2
DL8X8X3/4L3,DL8x8x0.75L3
DL8X8X3/4L4,DL8x8x0.75L4
DL8X8X3/4L5,DL8x8x0.75L5
DL8X8X3/4L6,DL8x8x0.75L6
DL8X8X5/8L0,DL8x8x0.625L0
DL8X8X5/8L2,DL8x8x0.625L2
DL8X8X5/8L3,DL8x8x0.625L3
DL8X8X5/8L4,DL8x8x0.625L4
DL8X8X5/8L5,DL8x8x0.625L5
DL8X8X5/8L6,DL8x8x0.625L6
DL8X8X7/8L0,DL8x8x0.875L0
DL8X8X7/8L2,DL8x8x0.875L2
DL8X8X7/8L3,DL8x8x0.875L3
DL8X8X7/8L4,DL8x8x0.875L4
DL8X8X7/8L5,DL8x8x0.875L5
DL8X8X7/8L6,DL8x8x0.875L6
DL8X8X9/16L0,DL8x8x0.5625L0
DL8X8X9/16L2,DL8x8x0.5625L2
DL8X8X9/16L3,DL8x8x0.5625L3
DL8X8X9/16L4,DL8x8x0.5625L4
DL8X8X9/16L5,DL8x8x0.5625L5
DL8X8X9/16L6,DL8x8x0.5625L6
DL9X4X1/2L0,DL9x4x0.5L0
DL9X4X1/2L2,DL9x4x0.5L2
DL9X4X1/2L3,DL9x4x0.5L3
DL9X4X1/2L4,DL9x4x0.5L4
DL9X4X1/2L5,DL9x4x0.5L5
DL9X4X1/2L6,DL9x4x0.5L6
DL9X4X1L0,DL9x4x1L0
DL9X4X1L2,DL9x4x1L2
DL9X4X1L3,DL9x4x1L3
DL9X4X1L4,DL9x4x1L4
DL9X4X1L5,DL9x4x1L5
DL9X4X1L6,DL9x4x1L6
DL9X4X3/4L0,DL9x4x0.75L0
DL9X4X3/4L2,DL9x4x0.75L2
DL9X4X3/4L3,DL9x4x0.75L3
DL9X4X3/4L4,DL9x4x0.75L4
DL9X4X3/4L5,DL9x4x0.75L5
DL9X4X3/4L6,DL9x4x0.75L6
DL9X4X5/8L0,DL9x4x0.625L0
DL9X4X5/8L2,DL9x4x0.625L2
DL9X4X5/8L3,DL9x4x0.625L3
DL9X4X5/8L4,DL9x4x0.625L4
DL9X4X5/8L5,DL9x4x0.625L5
DL9X4X5/8L6,DL9x4x0.625L6
DL9X4X7/8L0,DL9x4x0.875L0
DL9X4X7/8L2,DL9x4x0.875L2
DL9X4X7/8L3,DL9x4x0.875L3
DL9X4X7/8L4,DL9x4x0.875L4
DL9X4X7/8L5,DL9x4x0.875L5
DL9X4X7/8L6,DL9x4x0.875L6
DL9X4X9/16L0,DL9x4x0.5625L0
DL9X4X9/16L2,DL9x4x0.5625L2
DL9X4X9/16L3,DL9x4x0.5625L3
DL9X4X9/16L4,DL9x4x0.5625L4
DL9X4X9/16L5,DL9x4x0.5625L5
DL9X4X9/16L6,DL9x4x0.5625L6
HP10X42,HP10x42
HP10X57,HP10x57
HP12X53,HP12x53
HP12X74,HP12x74
HP14X102,HP14x102
HP14X117,HP14x117
HP14X73,HP14x73
HP14X89,HP14x89
HP8X36,HP8x36
L1.25X1.25X1/4,L1.25x1.25x0.25
L1.25X1.25X1/8,L1.25x1.25x0.125
L1.25X1.25X3/16,L1.25x1.25x0.1875
L1.5X1.5X1/4,L1.5x1.5x0.25
L1.5X1.5X1/8,L1.5x1.5x0.125
L1.5X1.5X3/16,L1.5x1.5x0.1875
L1.5X1.5X5/32,L1.5x1.5x0.15625
L1.75X1.25X1/4,L1.75x1.25x0.25
L1.75X1.25X1/8,L1.75x1.25x0.125
L1.75X1.25X3/16,L1.75x1.25x0.1875
L1.75X1.75X1/4,L1.75x1.75x0.25
L1.75X1.75X1/8,L1.75x1.75x0.125
L1.75X1.75X3/16,L1.75x1.75x0.1875
L1X1X1/4,L1x1x0.25
L1X1X1/8,L1x1x0.125
L1X1X3/16,L1x1x0.1875
L2.5X1.5X1/4,L2.5x1.5x0.25
L2.5X1.5X3/16,L2.5x1.5x0.1875
L2.5X1.5X5/16,L2.5x1.5x0.3125
L2.5X2.5X1/2,L2.5x2.5x0.5
L2.5X2.5X1/4,L2.5x2.5x0.25
L2.5X2.5X3/16,L2.5x2.5x0.1875
L2.5X2.5X3/8,L2.5x2.5x0.375
L2.5X2.5X5/16,L2.5x2.5x0.3125
L2.5X2X1/4,L2.5x2x0.25
L2.5X2X3/16,L2.5x2x0.1875
L2.5X2X3/8,L2.5x2x0.375
L2.5X2X5/16,L2.5x2x0.3125
L2X1.25X1/4,L2x1.25x0.25
L2X1.25X1/8,L2x1.25x0.125
L2X1.25X3/16,L2x1.25x0.1875
L2X1.5X1/4,L2x1.5x0.25
L2X1.5X1/8,L2x1.5x0.125
L2X1.5X3/16,L2x1.5x0.1875
L2X2X1/4,L2x2x0.25
L2X2X1/8,L2x2x0.125
L2X2X3/16,L2x2x0.1875
L2X2X3/8,L2x2x0.375
L2X2X5/16,L2x2x0.3125
L3.5X2.5X1/2,L3.5x2.5x0.5
L3.5X2.5X1/4,L3.5x2.5x0.25
L3.5X2.5X3/8,L3.5x2.5x0.375
L3.5X2.5X5/16,L3.5x2.5x0.3125
L3.5X2.5X7/16,L3.5x2.5x0.4375
L3.5X3.5X1/2,L3.5x3.5x0.5
L3.5X3.5X1/4,L3.5x3.5x0.25
L3.5X3.5X3/8,L3.5x3.5x0.375
L3.5X3.5X5/16,L3.5x3.5x0.3125
L3.5X3.5X7/16,L3.5x3.5x0.4375
L3.5X3X1/2,L3.5x3x0.5
L3.5X3X1/4,L3.5x3x0.25
L3.5X3X3/8,L3.5x3x0.375
L3.5X3X5/16,L3.5x3x0.3125
L3.5X3X7/16,L3.5x3x0.4375
L3X2.5X1/2,L3x2.5x0.5
L3X2.5X1/4,L3x2.5x0.25
L3X2.5X3/16,L3x2.5x0.1875
L3X2.5X3/8,L3x2.5x0.375
L3X2.5X5/16,L3x2.5x0.3125
L3X2.5X7/16,L3x2.5x0.4375
L3X2X1/2,L3x2x0.5
L3X2X1/4,L3x2x0.25
L3X2X3/16,L3x2x0.1875
L3X2X3/8,L3x2x0.375
L3X2X5/16,L3x2x0.3125
L3X2X7/16,L3x2x0.4375
L3X3X1/2,L3x3x0.5
L3X3X1/4,L3x3x0.25
L3X3X3/16,L3x3x0.1875
L3X3X3/8,L3x3x0.375
L3X3X5/16,L3x3x0.3125
L3X3X7/16,L3x3x0.4375
L4X3.5X1/2,L4x3.5x0.5
L4X3.5X1/4,L4x3.5x0.25
L4X3.5X3/8,L4x3.5x0.375
L4X3.5X5/16,L4x3.5x0.3125
L4X3.5X5/8,L4x3.5x0.625
L4X3.5X7/16,L4x3.5x0.4375
L4X3X1/2,L4x3x0.5
L4X3X1/4,L4x3x0.25
L4X3X3/8,L4x3x0.375
L4X3X5/16,L4x3x0.3125
L4X3X5/8,L4x3x0.625
L4X3X7/16,L4x3x0.4375
L4X4X1/2,L4x4x0.5
L4X4X1/4,L4x4x0.25
L4X4X3/4,L4x4x0.75
L4X4X3/8,L4x4x0.375
L4X4X5/16,L4x4x0.3125
L4X4X5/8,L4x4x0.625
L4X4X7/16,L4x4x0.4375
L5X3.5X1/2,L5x3.5x0.5
L5X3.5X1/4,L5x3.5x0.25
L5X3.5X3/4,L5x3.5x0.75
L5X3.5X3/8,L5x3.5x0.375
L5X3.5X5/16,L5x3.5x0.3125
L5X3.5X5/8,L5x3.5x0.625
L5X3.5X7/16,L5x3.5x0.4375
L5X3X1/2,L5x3x0.5
L5X3X1/4,L5x3x0.25
L5X3X3/8,L5x3x0.375
L5X3X5/16,L5x3x0.3125
L5X3X7/16,L5x3x0.4375
L5X5X1/2,L5x5x0.5
L5X5X3/4,L5x5x0.75
L5X5X3/8,L5x5x0.375
L5X5X5/16,L5x5x0.3125
L5X5X5/8,L5x5x0.625
L5X5X7/16,L5x5x0.4375
L5X5X7/8,L5x5x0.875
L6X3.5X1/2,L6x3.5x0.5
L6X3.5X1/4,L6x3.5x0.25
L6X3.5X3/8,L6x3.5x0.375
L6X3.5X5/16,L6x3.5x0.3125
L6X4X1/2,L6x4x0.5
L6X4X1/4,L6x4x0.25
L6X4X3/4,L6x4x0.75
L6X4X3/8,L6x4x0.375
L6X4X5/16,L6x4x0.3125
L6X4X5/8,L6x4x0.625
L6X4X7/16,L6x4x0.4375
L6X4X7/8,L6x4x0.875
L6X4X9/16,L6x4x0.5625
L6X6X1,L6x6x1
L6X6X1/2,L6x6x0.5
L6X6X3/4,L6x6x0.75
L6X6X3/8,L6x6x0.375
L6X6X5/16,L6x6x0.3125
L6X6X5/8,L6x6x0.625
L6X6X7/16,L6x6x0.4375
L6X6X7/8,L6x6x0.875
L6X6X9/16,L6x6x0.5625
L7X4X1/2,L7x4x0.5
L7X4X3/4,L7x4x0.75
L7X4X3/8,L7x4x0.375
L7X4X5/8,L7x4x0.625
L7X4X7/16,L7x4x0.4375
L7X4X7/8,L7x4x0.875
L7X4X9/16,L7x4x0.5625
L8X4X1,L8x4x1
L8X4X1/2,L8x4x0.5
L8X4X3/4,L8x4x0.75
L8X4X5/8,L8x4x0.625
L8X4X7/16,L8x4x0.4375
L8X4X7/8,L8x4x0.875
L8X4X9/16,L8x4x0.5625
L8X6X1,L8x6x1
L8X6X1/2,L8x6x0.5
L8X6X3/4,L8x6x0.75
L8X6X5/8,L8x6x0.625
L8X6X7/16,L8x6x0.4375
L8X6X7/8,L8x6x0.875
L8X6X9/16,L8x6x0.5625
L8X8X1,L8x8x1
L8X8X1/2,L8x8x0.5
L8X8X13/8,L8x8x10.375
L8X8X3/4,L8x8x0.75
L8X8X5/8,L8x8x0.625
L8X8X7/8,L8x8x0.875
L8X8X9/16,L8x8x0.5625
L9X4X1,L9x4x1
L9X4X1/2,L9x4x0.5
L9X4X3/4,L9x4x0.75
L9X4X5/8,L9x4x0.625
L9X4X7/8,L9x4x0.875
L9X4X9/16,L9x4x0.5625
M5X18.9,M5x18.9
MC10X21.9,MC10x21.9
MC10X24.9,MC10x24.9
MC10X25.3,MC10x25.3
MC10X28.3,MC10x28.3
MC10X28.5,MC10x28.5
MC10X33.6,MC10x33.6
MC10X41.1,MC10x41.1
MC12X30.9,MC12x30.9
MC12X32.9,MC12x32.9
MC12X35,MC12x35
MC12X37,MC12x37
MC12X40,MC12x40
MC12X45,MC12x45
MC12X50,MC12x50
MC13X31.8,MC13x31.8
MC13X35,MC13x35
MC13X40,MC13x40
MC13X50,MC13x50
MC18X42.7,MC18x42.7
MC18X45.8,MC18x45.8
MC18X51.9,MC18x51.9
MC18X58,MC18x58
MC6X12,MC6x12
MC6X15.1,MC6x15.1
MC6X15.3,MC6x15.3
MC6X16.3,MC6x16.3
MC6X18,MC6x18
MC7X19.1,MC7x19.1
MC7X22.7,MC7x22.7
MC8X18.7,MC8x18.7
MC8X20,MC8x20
MC8X21.4,MC8x21.4
MC8X22.8,MC8x22.8
MC9X23.9,MC9x23.9
MC9X25.4,MC9x25.4
PIPE_DES_2,PIPE_DES_2
PIPE_DES_2_1/2,PIPE_DES_2_0.5
PIPE_DES_3,PIPE_DES_3
PIPE_DES_4,PIPE_DES_4
PIPE_DES_5,PIPE_DES_5
PIPE_DES_6,PIPE_DES_6
PIPE_DES_8,PIPE_DES_8
PIPE_ES_1,PIPE_ES_1
PIPE_ES_1/2,PIPE_ES_0.5
PIPE_ES_1_1/2,PIPE_ES_1_0.5
PIPE_ES_1_1/4,PIPE_ES_1_0.25
PIPE_ES_10,PIPE_ES_10
PIPE_ES_12,PIPE_ES_12
PIPE_ES_2,PIPE_ES_2
PIPE_ES_2_1/2,PIPE_ES_2_0.5
PIPE_ES_3,PIPE_ES_3
PIPE_ES_3/4,PIPE_ES_0.75
PIPE_ES_3_1/2,PIPE_ES_3_0.5
PIPE_ES_4,PIPE_ES_4
PIPE_ES_5,PIPE_ES_5
PIPE_ES_6,PIPE_ES_6
PIPE_ES_8,PIPE_ES_8
PIPE_SW_1,PIPE_SW_1
PIPE_SW_1/2,PIPE_SW_0.5
PIPE_SW_1_1/2,PIPE_SW_1_0.5
PIPE_SW_1_1/4,PIPE_SW_1_0.25
PIPE_SW_10,PIPE_SW_10
PIPE_SW_12,PIPE_SW_12
PIPE_SW_2,PIPE_SW_2
PIPE_SW_2_1/2,PIPE_SW_2_0.5
PIPE_SW_3,PIPE_SW_3
PIPE_SW_3/4,PIPE_SW_0.75
PIPE_SW_3_1/2,PIPE_SW_3_0.5
PIPE_SW_4,PIPE_SW_4
PIPE_SW_5,PIPE_SW_5
PIPE_SW_6,PIPE_SW_6
PIPE_SW_8,PIPE_SW_8
RECT_10X2X1/4,RECT_10x2x0.25
RECT_10X2X3/16,RECT_10x2x0.1875
RECT_10X2X3/8,RECT_10x2x0.375
RECT_10X2X5/16,RECT_10x2x0.3125
RECT_10X4X1/2,RECT_10x4x0.5
RECT_10X4X1/4,RECT_10x4x0.25
RECT_10X4X3/16,RECT_10x4x0.1875
RECT_10X4X3/8,RECT_10x4x0.375
RECT_10X4X5/16,RECT_10x4x0.3125
RECT_10X6X1/2,RECT_10x6x0.5
RECT_10X6X1/4,RECT_10x6x0.25
RECT_10X6X3/16,RECT_10x6x0.1875
RECT_10X6X3/8,RECT_10x6x0.375
RECT_10X6X5/16,RECT_10x6x0.3125
RECT_10X8X1/2,RECT_10x8x0.5
RECT_10X8X1/4,RECT_10x8x0.25
RECT_10X8X3/16,RECT_10x8x0.1875
RECT_10X8X3/8,RECT_10x8x0.375
RECT_10X8X5/16,RECT_10x8x0.3125
RECT_12X2X1/4,RECT_12x2x0.25
RECT_12X2X3/16,RECT_12x2x0.1875
RECT_12X2X3/8,RECT_12x2x0.375
RECT_12X2X5/16,RECT_12x2x0.3125
RECT_12X4X1/2,RECT_12x4x0.5
RECT_12X4X1/4,RECT_12x4x0.25
RECT_12X4X3/16,RECT_12x4x0.1875
RECT_12X4X3/8,RECT_12x4x0.375
RECT_12X4X5/16,RECT_12x4x0.3125
RECT_12X6X1/2,RECT_12x6x0.5
RECT_12X6X1/4,RECT_12x6x0.25
RECT_12X6X3/16,RECT_12x6x0.1875
RECT_12X6X3/8,RECT_12x6x0.375
RECT_12X6X5/16,RECT_12x6x0.3125
RECT_12X8X1/2,RECT_12x8x0.5
RECT_12X8X1/4,RECT_12x8x0.25
RECT_12X8X3/16,RECT_12x8x0.1875
RECT_12X8X3/8,RECT_12x8x0.375
RECT_12X8X5/16,RECT_12x8x0.3125
RECT_3X2X1/4,RECT_3x2x0.25
RECT_3X2X3/16,RECT_3x2x0.1875
RECT_4X2X1/4,RECT_4x2x0.25
RECT_4X2X3/16,RECT_4x2x0.1875
RECT_4X3X1/4,RECT_4x3x0.25
RECT_4X3X3/16,RECT_4x3x0.1875
RECT_5X2X1/4,RECT_5x2x0.25
RECT_5X2X3/16,RECT_5x2x0.1875
RECT_5X3X1/2,RECT_5x3x0.5
RECT_5X3X1/4,RECT_5x3x0.25
RECT_5X3X3/16,RECT_5x3x0.1875
RECT_5X3X3/8,RECT_5x3x0.375
RECT_5X3X5/16,RECT_5x3x0.3125
RECT_6X2X1/4,RECT_6x2x0.25
RECT_6X2X3/16,RECT_6x2x0.1875
RECT_6X2X3/8,RECT_6x2x0.375
RECT_6X2X5/16,RECT_6x2x0.3125
RECT_6X3X1/2,RECT_6x3x0.5
RECT_6X3X1/4,RECT_6x3x0.25
RECT_6X3X3/16,RECT_6x3x0.1875
RECT_6X3X3/8,RECT_6x3x0.375
RECT_6X3X5/16,RECT_6x3x0.3125
RECT_6X4X1/2,RECT_6x4x0.5
RECT_6X4X1/4,RECT_6x4x0.25
RECT_6X4X3/16,RECT_6x4x0.1875
RECT_6X4X3/8,RECT_6x4x0.375
RECT_6X4X5/16,RECT_6x4x0.3125
RECT_7X5X1/2,RECT_7x5x0.5
RECT_7X5X1/4,RECT_7x5x0.25
RECT_7X5X3/16,RECT_7x5x0.1875
RECT_7X5X3/8,RECT_7x5x0.375
RECT_7X5X5/16,RECT_7x5x0.3125
RECT_8X2X1/4,RECT_8x2x0.25
RECT_8X2X3/16,RECT_8x2x0.1875
RECT_8X2X3/8,RECT_8x2x0.375
RECT_8X2X5/16,RECT_8x2x0.3125
RECT_8X3X1/2,RECT_8x3x0.5
RECT_8X3X1/4,RECT_8x3x0.25
RECT_8X3X3/16,RECT_8x3x0.1875
RECT_8X3X3/8,RECT_8x3x0.375
RECT_8X3X5/16,RECT_8x3x0.3125
RECT_8X4X1/2,RECT_8x4x0.5
RECT_8X4X1/4,RECT_8x4x0.25
RECT_8X4X3/16,RECT_8x4x0.1875
RECT_8X4X3/8,RECT_8x4x0.375
RECT_8X4X5/16,RECT_8x4x0.3125
RECT_8X6X1/2,RECT_8x6x0.5
RECT_8X6X1/4,RECT_8x6x0.25
RECT_8X6X3/16,RECT_8x6x0.1875
RECT_8X6X3/8,RECT_8x6x0.375
RECT_8X6X5/16,RECT_8x6x0.3125
S10X25.4,S10x25.4
S10X35,S10x35
S12X31.8,S12x31.8
S12X35,S12x35
S12X40.8,S12x40.8
S12X50,S12x50
S15X42.9,S15x42.9
S15X50,S15x50
S18X54.7,S18x54.7
S18X70,S18x70
S20X66,S20x66
S20X75,S20x75
S20X86,S20x86
S20X96,S20x96
S24X100,S24x100
S24X106,S24x106
S24X121,S24x121
S24X80,S24x80
S24X90,S24x90
S3X5.7,S3x5.7
S3X7.5,S3x7.5
S4X7.7,S4x7.7
S4X9.5,S4x9.5
S5X10,S5x10
S5X14.75,S5x14.75
S6X12.5,S6x12.5
S6X17.25,S6x17.25
S7X15.3,S7x15.3
S7X20,S7x20
S8X18.4,S8x18.4
S8X23,S8x23
SL1.25X1.25X1/4L0,SL1.25x1.25x0.25L0
SL1.25X1.25X1/4L2,SL1.25x1.25x0.25L2
SL1.25X1.25X1/4L3,SL1.25x1.25x0.25L3
SL1.25X1.25X1/4L4,SL1.25x1.25x0.25L4
SL1.25X1.25X1/4L5,SL1.25x1.25x0.25L5
SL1.25X1.25X1/4L6,SL1.25x1.25x0.25L6
SL1.25X1.25X1/8L0,SL1.25x1.25x0.125L0
SL1.25X1.25X1/8L2,SL1.25x1.25x0.125L2
SL1.25X1.25X1/8L3,SL1.25x1.25x0.125L3
SL1.25X1.25X1/8L4,SL1.25x1.25x0.125L4
SL1.25X1.25X1/8L5,SL1.25x1.25x0.125L5
SL1.25X1.25X1/8L6,SL1.25x1.25x0.125L6
SL1.25X1.25X3/16L0,SL1.25x1.25x0.1875L0
SL1.25X1.25X3/16L2,SL1.25x1.25x0.1875L2
SL1.25X1.25X3/16L3,SL1.25x1.25x0.1875L3
SL1.25X1.25X3/16L4,SL1.25x1.25x0.1875L4
SL1.25X1.25X3/16L5,SL1.25x1.25x0.1875L5
SL1.25X1.25X3/16L6,SL1.25x1.25x0.1875L6
SL1.5X1.5X1/4L0,SL1.5x1.5x0.25L0
SL1.5X1.5X1/4L2,SL1.5x1.5x0.25L2
SL1.5X1.5X1/4L3,SL1.5x1.5x0.25L3
SL1.5X1.5X1/4L4,SL1.5x1.5x0.25L4
SL1.5X1.5X1/4L5,SL1.5x1.5x0.25L5
SL1.5X1.5X1/4L6,SL1.5x1.5x0.25L6
SL1.5X1.5X1/8L0,SL1.5x1.5x0.125L0
SL1.5X1.5X1/8L2,SL1.5x1.5x0.125L2
SL1.5X1.5X1/8L3,SL1.5x1.5x0.125L3
SL1.5X1.5X1/8L4,SL1.5x1.5x0.125L4
SL1.5X1.5X1/8L5,SL1.5x1.5x0.125L5
SL1.5X1.5X1/8L6,SL1.5x1.5x0.125L6
SL1.5X1.5X3/16L0,SL1.5x1.5x0.1875L0
SL1.5X1.5X3/16L2,SL1.5x1.5x0.1875L2
SL1.5X1.5X3/16L3,SL1.5x1.5x0.1875L3
SL1.5X1.5X3/16L4,SL1.5x1.5x0.1875L4
SL1.5X1.5X3/16L5,SL1.5x1.5x0.1875L5
SL1.5X1.5X3/16L6,SL1.5x1.5x0.1875L6
SL1.5X1.5X5/32L0,SL1.5x1.5x0.15625L0
SL1.5X1.5X5/32L2,SL1.5x1.5x0.15625L2
SL1.5X1.5X5/32L3,SL1.5x1.5x0.15625L3
SL1.5X1.5X5/32L4,SL1.5x1.5x0.15625L4
SL1.5X1.5X5/32L5,SL1.5x1.5x0.15625L5
SL1.5X1.5X5/32L6,SL1.5x1.5x0.15625L6
SL1.75X1.25X1/4L0,SL1.75x1.25x0.25L0
SL1.75X1.25X1/4L2,SL1.75x1.25x0.25L2
SL1.75X1.25X1/4L3,SL1.75x1.25x0.25L3
SL1.75X1.25X1/4L4,SL1.75x1.25x0.25L4
SL1.75X1.25X1/4L5,SL1.75x1.25x0.25L5
SL1.75X1.25X1/4L6,SL1.75x1.25x0.25L6
SL1.75X1.25X1/8L0,SL1.75x1.25x0.125L0
SL1.75X1.25X1/8L2,SL1.75x1.25x0.125L2
SL1.75X1.25X1/8L3,SL1.75x1.25x0.125L3
SL1.75X1.25X1/8L4,SL1.75x1.25x0.125L4
SL1.75X1.25X1/8L5,SL1.75x1.25x0.125L5
SL1.75X1.25X1/8L6,SL1.75x1.25x0.125L6
SL1.75X1.25X3/16L0,SL1.75x1.25x0.1875L0
SL1.75X1.25X3/16L2,SL1.75x1.25x0.1875L2
SL1.75X1.25X3/16L3,SL1.75x1.25x0.1875L3
SL1.75X1.25X3/16L4,SL1.75x1.25x0.1875L4
SL1.75X1.25X3/16L5,SL1.75x1.25x0.1875L5
SL1.75X1.25X3/16L6,SL1.75x1.25x0.1875L6
SL1.75X1.75X1/4L0,SL1.75x1.75x0.25L0
SL1.75X1.75X1/4L2,SL1.75x1.75x0.25L2
SL1.75X1.75X1/4L3,SL1.75x1.75x0.25L3
SL1.75X1.75X1/4L4,SL1.75x1.75x0.25L4
SL1.75X1.75X1/4L5,SL1.75x1.75x0.25L5
SL1.75X1.75X1/4L6,SL1.75x1.75x0.25L6
SL1.75X1.75X1/8L0,SL1.75x1.75x0.125L0
SL1.75X1.75X1/8L2,SL1.75x1.75x0.125L2
SL1.75X1.75X1/8L3,SL1.75x1.75x0.125L3
SL1.75X1.75X1/8L4,SL1.75x1.75x0.125L4
SL1.75X1.75X1/8L5,SL1.75x1.75x0.125L5
SL1.75X1.75X1/8L6,SL1.75x1.75x0.125L6
SL1.75X1.75X3/16L0,SL1.75x1.75x0.1875L0
SL1.75X1.75X3/16L2,SL1.75x1.75x0.1875L2
SL1.75X1.75X3/16L3,SL1.75x1.75x0.1875L3
SL1.75X1.75X3/16L4,SL1.75x1.75x0.1875L4
SL1.75X1.75X3/16L5,SL1.75x1.75x0.1875L5
SL1.75X1.75X3/16L6,SL1.75x1.75x0.1875L6
SL1X1X1/4L0,SL1x1x0.25L0
SL1X1X1/4L2,SL1x1x0.25L2
SL1X1X1/4L3,SL1x1x0.25L3
SL1X1X1/4L4,SL1x1x0.25L4
SL1X1X1/4L5,SL1x1x0.25L5
SL1X1X1/4L6,SL1x1x0.25L6
SL1X1X1/8L0,SL1x1x0.125L0
SL1X1X1/8L2,SL1x1x0.125L2
SL1X1X1/8L3,SL1x1x0.125L3
SL1X1X1/8L4,SL1x1x0.125L4
SL1X1X1/8L5,SL1x1x0.125L5
SL1X1X1/8L6,SL1x1x0.125L6
SL1X1X3/16L0,SL1x1x0.1875L0
SL1X1X3/16L2,SL1x1x0.1875L2
SL1X1X3/16L3,SL1x1x0.1875L3
SL1X1X3/16L4,SL1x1x0.1875L4
SL1X1X3/16L5,SL1x1x0.1875L5
SL1X1X3/16L6,SL1x1x0.1875L6
SL2.5X1.5X1/4L0,SL2.5x1.5x0.25L0
SL2.5X1.5X1/4L2,SL2.5x1.5x0.25L2
SL2.5X1.5X1/4L3,SL2.5x1.5x0.25L3
SL2.5X1.5X1/4L4,SL2.5x1.5x0.25L4
SL2.5X1.5X1/4L5,SL2.5x1.5x0.25L5
SL2.5X1.5X1/4L6,SL2.5x1.5x0.25L6
SL2.5X1.5X3/16L0,SL2.5x1.5x0.1875L0
SL2.5X1.5X3/16L2,SL2.5x1.5x0.1875L2
SL2.5X1.5X3/16L3,SL2.5x1.5x0.1875L3
SL2.5X1.5X3/16L4,SL2.5x1.5x0.1875L4
SL2.5X1.5X3/16L5,SL2.5x1.5x0.1875L5
SL2.5X1.5X3/16L6,SL2.5x1.5x0.1875L6
SL2.5X1.5X5/16L0,SL2.5x1.5x0.3125L0
SL2.5X1.5X5/16L2,SL2.5x1.5x0.3125L2
SL2.5X1.5X5/16L3,SL2.5x1.5x0.3125L3
SL2.5X1.5X5/16L4,SL2.5x1.5x0.3125L4
SL2.5X1.5X5/16L5,SL2.5x1.5x0.3125L5
SL2.5X1.5X5/16L6,SL2.5x1.5x0.3125L6
SL2.5X2.5X1/2L0,SL2.5x2.5x0.5L0
SL2.5X2.5X1/2L2,SL2.5x2.5x0.5L2
SL2.5X2.5X1/2L3,SL2.5x2.5x0.5L3
SL2.5X2.5X1/2L4,SL2.5x2.5x0.5L4
SL2.5X2.5X1/2L5,SL2.5x2.5x0.5L5
SL2.5X2.5X1/2L6,SL2.5x2.5x0.5L6
SL2.5X2.5X1/4L0,SL2.5x2.5x0.25L0
SL2.5X2.5X1/4L2,SL2.5x2.5x0.25L2
SL2.5X2.5X1/4L3,SL2.5x2.5x0.25L3
SL2.5X2.5X1/4L4,SL2.5x2.5x0.25L4
SL2.5X2.5X1/4L5,SL2.5x2.5x0.25L5
SL2.5X2.5X1/4L6,SL2.5x2.5x0.25L6
SL2.5X2.5X3/16L0,SL2.5x2.5x0.1875L0
SL2.5X2.5X3/16L2,SL2.5x2.5x0.1875L2
SL2.5X2.5X3/16L3,SL2.5x2.5x0.1875L3
SL2.5X2.5X3/16L4,SL2.5x2.5x0.1875L4
SL2.5X2.5X3/16L5,SL2.5x2.5x0.1875L5
SL2.5X2.5X3/16L6,SL2.5x2.5x0.1875L6
SL2.5X2.5X3/8L0,SL2.5x2.5x0.375L0
SL2.5X2.5X3/8L2,SL2.5x2.5x0.375L2
SL2.5X2.5X3/8L3,SL2.5x2.5x0.375L3
SL2.5X2.5X3/8L4,SL2.5x2.5x0.375L4
SL2.5X2.5X3/8L5,SL2.5x2.5x0.375L5
SL2.5X2.5X3/8L6,SL2.5x2.5x0.375L6
SL2.5X2.5X5/16L0,SL2.5x2.5x0.3125L0
SL2.5X2.5X5/16L2,SL2.5x2.5x0.3125L2
SL2.5X2.5X5/16L3,SL2.5x2.5x0.3125L3
SL2.5X2.5X5/16L4,SL2.5x2.5x0.3125L4
SL2.5X2.5X5/16L5,SL2.5x2.5x0.3125L5
SL2.5X2.5X5/16L6,SL2.5x2.5x0.3125L6
SL2.5X2X1/4L0,SL2.5x2x0.25L0
SL2.5X2X1/4L2,SL2.5x2x0.25L2
SL2.5X2X1/4L3,SL2.5x2x0.25L3
SL2.5X2X1/4L4,SL2.5x2x0.25L4
SL2.5X2X1/4L5,SL2.5x2x0.25L5
SL2.5X2X1/4L6,SL2.5x2x0.25L6
SL2.5X2X3/16L0,SL2.5x2x0.1875L0
SL2.5X2X3/16L2,SL2.5x2x0.1875L2
SL2.5X2X3/16L3,SL2.5x2x0.1875L3
SL2.5X2X3/16L4,SL2.5x2x0.1875L4
SL2.5X2X3/16L5,SL2.5x2x0.1875L5
SL2.5X2X3/16L6,SL2.5x2x0.1875L6
SL2.5X2X3/8L0,SL2.5x2x0.375L0
SL2.5X2X3/8L2,SL2.5x2x0.375L2
SL2.5X2X3/8L3,SL2.5x2x0.375L3
SL2.5X2X3/8L4,SL2.5x2x0.375L4
SL2.5X2X3/8L5,SL2.5x2x0.375L5
SL2.5X2X3/8L6,SL2.5x2x0.375L6
SL2.5X2X5/16L0,SL2.5x2x0.3125L0
SL2.5X2X5/16L2,SL2.5x2x0.3125L2
SL2.5X2X5/16L3,SL2.5x2x0.3125L3
SL2.5X2X5/16L4,SL2.5x2x0.3125L4
SL2.5X2X5/16L5,SL2.5x2x0.3125L5
SL2.5X2X5/16L6,SL2.5x2x0.3125L6
SL2X1.25X1/4L0,SL2x1.25x0.25L0
SL2X1.25X1/4L2,SL2x1.25x0.25L2
SL2X1.25X1/4L3,SL2x1.25x0.25L3
SL2X1.25X1/4L4,SL2x1.25x0.25L4
SL2X1.25X1/4L5,SL2x1.25x0.25L5
SL2X1.25X1/4L6,SL2x1.25x0.25L6
SL2X1.25X1/8L0,SL2x1.25x0.125L0
SL2X1.25X1/8L2,SL2x1.25x0.125L2
SL2X1.25X1/8L3,SL2x1.25x0.125L3
SL2X1.25X1/8L4,SL2x1.25x0.125L4
SL2X1.25X1/8L5,SL2x1.25x0.125L5
SL2X1.25X1/8L6,SL2x1.25x0.125L6
SL2X1.25X3/16L0,SL2x1.25x0.1875L0
SL2X1.25X3/16L2,SL2x1.25x0.1875L2
SL2X1.25X3/16L3,SL2x1.25x0.1875L3
SL2X1.25X3/16L4,SL2x1.25x0.1875L4
SL2X1.25X3/16L5,SL2x1.25x0.1875L5
SL2X1.25X3/16L6,SL2x1.25x0.1875L6
SL2X1.5X1/4L0,SL2x1.5x0.25L0
SL2X1.5X1/4L2,SL2x1.5x0.25L2
SL2X1.5X1/4L3,SL2x1.5x0.25L3
SL2X1.5X1/4L4,SL2x1.5x0.25L4
SL2X1.5X1/4L5,SL2x1.5x0.25L5
SL2X1.5X1/4L6,SL2x1.5x0.25L6
SL2X1.5X1/8L0,SL2x1.5x0.125L0
SL2X1.5X1/8L2,SL2x1.5x0.125L2
SL2X1.5X1/8L3,SL2x1.5x0.125L3
SL2X1.5X1/8L4,SL2x1.5x0.125L4
SL2X1.5X1/8L5,SL2x1.5x0.125L5
SL2X1.5X1/8L6,SL2x1.5x0.125L6
SL2X1.5X3/16L0,SL2x1.5x0.1875L0
SL2X1.5X3/16L2,SL2x1.5x0.1875L2
SL2X1.5X3/16L3,SL2x1.5x0.1875L3
SL2X1.5X3/16L4,SL2x1.5x0.1875L4
SL2X1.5X3/16L5,SL2x1.5x0.1875L5
SL2X1.5X3/16L6,SL2x1.5x0.1875L6
SL2X2X1/4L0,SL2x2x0.25L0
SL2X2X1/4L2,SL2x2x0.25L2
SL2X2X1/4L3,SL2x2x0.25L3
SL2X2X1/4L4,SL2x2x0.25L4
SL2X2X1/4L5,SL2x2x0.25L5
SL2X2X1/4L6,SL2x2x0.25L6
SL2X2X1/8L0,SL2x2x0.125L0
SL2X2X1/8L2,SL2x2x0.125L2
SL2X2X1/8L3,SL2x2x0.125L3
SL2X2X1/8L4,SL2x2x0.125L4
SL2X2X1/8L5,SL2x2x0.125L5
SL2X2X1/8L6,SL2x2x0.125L6
SL2X2X3/16L0,SL2x2x0.1875L0
SL2X2X3/16L2,SL2x2x0.1875L2
SL2X2X3/16L3,SL2x2x0.1875L3
SL2X2X3/16L4,SL2x2x0.1875L4
SL2X2X3/16L5,SL2x2x0.1875L5
SL2X2X3/16L6,SL2x2x0.1875L6
SL2X2X3/8L0,SL2x2x0.375L0
SL2X2X3/8L2,SL2x2x0.375L2
SL2X2X3/8L3,SL2x2x0.375L3
SL2X2X3/8L4,SL2x2x0.375L4
SL2X2X3/8L5,SL2x2x0.375L5
SL2X2X3/8L6,SL2x2x0.375L6
SL2X2X5/16L0,SL2x2x0.3125L0
SL2X2X5/16L2,SL2x2x0.3125L2
SL2X2X5/16L3,SL2x2x0.3125L3
SL2X2X5/16L4,SL2x2x0.3125L4
SL2X2X5/16L5,SL2x2x0.3125L5
SL2X2X5/16L6,SL2x2x0.3125L6
SL3.5X2.5X1/2L0,SL3.5x2.5x0.5L0
SL3.5X2.5X1/2L2,SL3.5x2.5x0.5L2
SL3.5X2.5X1/2L3,SL3.5x2.5x0.5L3
SL3.5X2.5X1/2L4,SL3.5x2.5x0.5L4
SL3.5X2.5X1/2L5,SL3.5x2.5x0.5L5
SL3.5X2.5X1/2L6,SL3.5x2.5x0.5L6
SL3.5X2.5X1/4L0,SL3.5x2.5x0.25L0
SL3.5X2.5X1/4L2,SL3.5x2.5x0.25L2
SL3.5X2.5X1/4L3,SL3.5x2.5x0.25L3
SL3.5X2.5X1/4L4,SL3.5x2.5x0.25L4
SL3.5X2.5X1/4L5,SL3.5x2.5x0.25L5
SL3.5X2.5X1/4L6,SL3.5x2.5x0.25L6
SL3.5X2.5X3/8L0,SL3.5x2.5x0.375L0
SL3.5X2.5X3/8L2,SL3.5x2.5x0.375L2
SL3.5X2.5X3/8L3,SL3.5x2.5x0.375L3
SL3.5X2.5X3/8L4,SL3.5x2.5x0.375L4
SL3.5X2.5X3/8L5,SL3.5x2.5x0.375L5
SL3.5X2.5X3/8L6,SL3.5x2.5x0.375L6
SL3.5X2.5X5/16L0,SL3.5x2.5x0.3125L0
SL3.5X2.5X5/16L2,SL3.5x2.5x0.3125L2
SL3.5X2.5X5/16L3,SL3.5x2.5x0.3125L3
SL3.5X2.5X5/16L4,SL3.5x2.5x0.3125L4
SL3.5X2.5X5/16L5,SL3.5x2.5x0.3125L5
SL3.5X2.5X5/16L6,SL3.5x2.5x0.3125L6
SL3.5X2.5X7/16L0,SL3.5x2.5x0.4375L0
SL3.5X2.5X7/16L2,SL3.5x2.5x0.4375L2
SL3.5X2.5X7/16L3,SL3.5x2.5x0.4375L3
SL3.5X2.5X7/16L4,SL3.5x2.5x0.4375L4
SL3.5X2.5X7/16L5,SL3.5x2.5x0.4375L5
SL3.5X2.5X7/16L6,SL3.5x2.5x0.4375L6
SL3.5X3.5X1/2L0,SL3.5x3.5x0.5L0
SL3.5X3.5X1/2L2,SL3.5x3.5x0.5L2
SL3.5X3.5X1/2L3,SL3.5x3.5x0.5L3
SL3.5X3.5X1/2L4,SL3.5x3.5x0.5L4
SL3.5X3.5X1/2L5,SL3.5x3.5x0.5L5
SL3.5X3.5X1/2L6,SL3.5x3.5x0.5L6
SL3.5X3.5X1/4L0,SL3.5x3.5x0.25L0
SL3.5X3.5X1/4L2,SL3.5x3.5x0.25L2
SL3.5X3.5X1/4L3,SL3.5x3.5x0.25L3
SL3.5X3.5X1/4L4,SL3.5x3.5x0.25L4
SL3.5X3.5X1/4L5,SL3.5x3.5x0.25L5
SL3.5X3.5X1/4L6,SL3.5x3.5x0.25L6
SL3.5X3.5X3/8L0,SL3.5x3.5x0.375L0
SL3.5X3.5X3/8L2,SL3.5x3.5x0.375L2
SL3.5X3.5X3/8L3,SL3.5x3.5x0.375L3
SL3.5X3.5X3/8L4,SL3.5x3.5x0.375L4
SL3.5X3.5X3/8L5,SL3.5x3.5x0.375L5
SL3.5X3.5X3/8L6,SL3.5x3.5x0.375L6
SL3.5X3.5X5/16L0,SL3.5x3.5x0.3125L0
SL3.5X3.5X5/16L2,SL3.5x3.5x0.3125L2
SL3.5X3.5X5/16L3,SL3.5x3.5x0.3125L3
SL3.5X3.5X5/16L4,SL3.5x3.5x0.3125L4
SL3.5X3.5X5/16L5,SL3.5x3.5x0.3125L5
SL3.5X3.5X5/16L6,SL3.5x3.5x0.3125L6
SL3.5X3.5X7/16L0,SL3.5x3.5x0.4375L0
SL3.5X3.5X7/16L2,SL3.5x3.5x0.4375L2
SL3.5X3.5X7/16L3,SL3.5x3.5x0.4375L3
SL3.5X3.5X7/16L4,SL3.5x3.5x0.4375L4
SL3.5X3.5X7/16L5,SL3.5x3.5x0.4375L5
SL3.5X3.5X7/16L6,SL3.5x3.5x0.4375L6
SL3.5X3X1/2L0,SL3.5x3x0.5L0
SL3.5X3X1/2L2,SL3.5x3x0.5L2
SL3.5X3X1/2L3,SL3.5x3x0.5L3
SL3.5X3X1/2L4,SL3.5x3x0.5L4
SL3.5X3X1/2L5,SL3.5x3x0.5L5
SL3.5X3X1/2L6,SL3.5x3x0.5L6
SL3.5X3X1/4L0,SL3.5x3x0.25L0
SL3.5X3X1/4L2,SL3.5x3x0.25L2
SL3.5X3X1/4L3,SL3.5x3x0.25L3
SL3.5X3X1/4L4,SL3.5x3x0.25L4
SL3.5X3X1/4L5,SL3.5x3x0.25L5
SL3.5X3X1/4L6,SL3.5x3x0.25L6
SL3.5X3X3/8L0,SL3.5x3x0.375L0
SL3.5X3X3/8L2,SL3.5x3x0.375L2
SL3.5X3X3/8L3,SL3.5x3x0.375L3
SL3.5X3X3/8L4,SL3.5x3x0.375L4
SL3.5X3X3/8L5,SL3.5x3x0.375L5
SL3.5X3X3/8L6,SL3.5x3x0.375L6
SL3.5X3X5/16L0,SL3.5x3x0.3125L0
SL3.5X3X5/16L2,SL3.5x3x0.3125L2
SL3.5X3X5/16L3,SL3.5x3x0.3125L3
SL3.5X3X5/16L4,SL3.5x3x0.3125L4
SL3.5X3X5/16L5,SL3.5x3x0.3125L5
SL3.5X3X5/16L6,SL3.5x3x0.3125L6
SL3.5X3X7/16L0,SL3.5x3x0.4375L0
SL3.5X3X7/16L2,SL3.5x3x0.4375L2
SL3.5X3X7/16L3,SL3.5x3x0.4375L3
SL3.5X3X7/16L4,SL3.5x3x0.4375L4
SL3.5X3X7/16L5,SL3.5x3x0.4375L5
SL3.5X3X7/16L6,SL3.5x3x0.4375L6
SL3X2.5X1/2L0,SL3x2.5x0.5L0
SL3X2.5X1/2L2,SL3x2.5x0.5L2
SL3X2.5X1/2L3,SL3x2.5x0.5L3
SL3X2.5X1/2L4,SL3x2.5x0.5L4
SL3X2.5X1/2L5,SL3x2.5x0.5L5
SL3X2.5X1/2L6,SL3x2.5x0.5L6
SL3X2.5X1/4L0,SL3x2.5x0.25L0
SL3X2.5X1/4L2,SL3x2.5x0.25L2
SL3X2.5X1/4L3,SL3x2.5x0.25L3
SL3X2.5X1/4L4,SL3x2.5x0.25L4
SL3X2.5X1/4L5,SL3x2.5x0.25L5
SL3X2.5X1/4L6,SL3x2.5x0.25L6
SL3X2.5X3/16L0,SL3x2.5x0.1875L0
SL3X2.5X3/16L2,SL3x2.5x0.1875L2
SL3X2.5X3/16L3,SL3x2.5x0.1875L3
SL3X2.5X3/16L4,SL3x2.5x0.1875L4
SL3X2.5X3/16L5,SL3x2.5x0.1875L5
SL3X2.5X3/16L6,SL3x2.5x0.1875L6
SL3X2.5X3/8L0,SL3x2.5x0.375L0
SL3X2.5X3/8L2,SL3x2.5x0.375L2
SL3X2.5X3/8L3,SL3x2.5x0.375L3
SL3X2.5X3/8L4,SL3x2.5x0.375L4
SL3X2.5X3/8L5,SL3x2.5x0.375L5
SL3X2.5X3/8L6,SL3x2.5x0.375L6
SL3X2.5X5/16L0,SL3x2.5x0.3125L0
SL3X2.5X5/16L2,SL3x2.5x0.3125L2
SL3X2.5X5/16L3,SL3x2.5x0.3125L3
SL3X2.5X5/16L4,SL3x2.5x0.3125L4
SL3X2.5X5/16L5,SL3x2.5x0.3125L5
SL3X2.5X5/16L6,SL3x2.5x0.3125L6
SL3X2.5X7/16L0,SL3x2.5x0.4375L0
SL3X2.5X7/16L2,SL3x2.5x0.4375L2
SL3X2.5X7/16L3,SL3x2.5x0.4375L3
SL3X2.5X7/16L4,SL3x2.5x0.4375L4
SL3X2.5X7/16L5,SL3x2.5x0.4375L5
SL3X2.5X7/16L6,SL3x2.5x0.4375L6
SL3X2X1/2L0,SL3x2x0.5L0
SL3X2X1/2L2,SL3x2x0.5L2
SL3X2X1/2L3,SL3x2x0.5L3
SL3X2X1/2L4,SL3x2x0.5L4
SL3X2X1/2L5,SL3x2x0.5L5
SL3X2X1/2L6,SL3x2x0.5L6
SL3X2X1/4L0,SL3x2x0.25L0
SL3X2X1/4L2,SL3x2x0.25L2
SL3X2X1/4L3,SL3x2x0.25L3
SL3X2X1/4L4,SL3x2x0.25L4
SL3X2X1/4L5,SL3x2x0.25L5
SL3X2X1/4L6,SL3x2x0.25L6
SL3X2X3/16L0,SL3x2x0.1875L0
SL3X2X3/16L2,SL3x2x0.1875L2
SL3X2X3/16L3,SL3x2x0.1875L3
SL3X2X3/16L4,SL3x2x0.1875L4
SL3X2X3/16L5,SL3x2x0.1875L5
SL3X2X3/16L6,SL3x2x0.1875L6
SL3X2X3/8L0,SL3x2x0.375L0
SL3X2X3/8L2,SL3x2x0.375L2
SL3X2X3/8L3,SL3x2x0.375L3
SL3X2X3/8L4,SL3x2x0.375L4
SL3X2X3/8L5,SL3x2x0.375L5
SL3X2X3/8L6,SL3x2x0.375L6
SL3X2X5/16L0,SL3x2x0.3125L0
SL3X2X5/16L2,SL3x2x0.3125L2
SL3X2X5/16L3,SL3x2x0.3125L3
SL3X2X5/16L4,SL3x2x0.3125L4
SL3X2X5/16L5,SL3x2x0.3125L5
SL3X2X5/16L6,SL3x2x0.3125L6
SL3X2X7/16L0,SL3x2x0.4375L0
SL3X2X7/16L2,SL3x2x0.4375L2
SL3X2X7/16L3,SL3x2x0.4375L3
SL3X2X7/16L4,SL3x2x0.4375L4
SL3X2X7/16L5,SL3x2x0.4375L5
SL3X2X7/16L6,SL3x2x0.4375L6
SL3X3X1/2L0,SL3x3x0.5L0
SL3X3X1/2L2,SL3x3x0.5L2
SL3X3X1/2L3,SL3x3x0.5L3
SL3X3X1/2L4,SL3x3x0.5L4
SL3X3X1/2L5,SL3x3x0.5L5
SL3X3X1/2L6,SL3x3x0.5L6
SL3X3X1/4L0,SL3x3x0.25L0
SL3X3X1/4L2,SL3x3x0.25L2
SL3X3X1/4L3,SL3x3x0.25L3
SL3X3X1/4L4,SL3x3x0.25L4
SL3X3X1/4L5,SL3x3x0.25L5
SL3X3X1/4L6,SL3x3x0.25L6
SL3X3X3/16L0,SL3x3x0.1875L0
SL3X3X3/16L2,SL3x3x0.1875L2
SL3X3X3/16L3,SL3x3x0.1875L3
SL3X3X3/16L4,SL3x3x0.1875L4
SL3X3X3/16L5,SL3x3x0.1875L5
SL3X3X3/16L6,SL3x3x0.1875L6
SL3X3X3/8L0,SL3x3x0.375L0
SL3X3X3/8L2,SL3x3x0.375L2
SL3X3X3/8L3,SL3x3x0.375L3
SL3X3X3/8L4,SL3x3x0.375L4
SL3X3X3/8L5,SL3x3x0.375L5
SL3X3X3/8L6,SL3x3x0.375L6
SL3X3X5/16L0,SL3x3x0.3125L0
SL3X3X5/16L2,SL3x3x0.3125L2
SL3X3X5/16L3,SL3x3x0.3125L3
SL3X3X5/16L4,SL3x3x0.3125L4
SL3X3X5/16L5,SL3x3x0.3125L5
SL3X3X5/16L6,SL3x3x0.3125L6
SL3X3X7/16L0,SL3x3x0.4375L0
SL3X3X7/16L2,SL3x3x0.4375L2
SL3X3X7/16L3,SL3x3x0.4375L3
SL3X3X7/16L4,SL3x3x0.4375L4
SL3X3X7/16L5,SL3x3x0.4375L5
SL3X3X7/16L6,SL3x3x0.4375L6
SL4X3.5X1/2L0,SL4x3.5x0.5L0
SL4X3.5X1/2L2,SL4x3.5x0.5L2
SL4X3.5X1/2L3,SL4x3.5x0.5L3
SL4X3.5X1/2L4,SL4x3.5x0.5L4
SL4X3.5X1/2L5,SL4x3.5x0.5L5
SL4X3.5X1/2L6,SL4x3.5x0.5L6
SL4X3.5X1/4L0,SL4x3.5x0.25L0
SL4X3.5X1/4L2,SL4x3.5x0.25L2
SL4X3.5X1/4L3,SL4x3.5x0.25L3
SL4X3.5X1/4L4,SL4x3.5x0.25L4
SL4X3.5X1/4L5,SL4x3.5x0.25L5
SL4X3.5X1/4L6,SL4x3.5x0.25L6
SL4X3.5X3/8L0,SL4x3.5x0.375L0
SL4X3.5X3/8L2,SL4x3.5x0.375L2
SL4X3.5X3/8L3,SL4x3.5x0.375L3
SL4X3.5X3/8L4,SL4x3.5x0.375L4
SL4X3.5X3/8L5,SL4x3.5x0.375L5
SL4X3.5X3/8L6,SL4x3.5x0.375L6
SL4X3.5X5/16L0,SL4x3.5x0.3125L0
SL4X3.5X5/16L2,SL4x3.5x0.3125L2
SL4X3.5X5/16L3,SL4x3.5x0.3125L3
SL4X3.5X5/16L4,SL4x3.5x0.3125L4
SL4X3.5X5/16L5,SL4x3.5x0.3125L5
SL4X3.5X5/16L6,SL4x3.5x0.3125L6
SL4X3.5X5/8L0,SL4x3.5x0.625L0
SL4X3.5X5/8L2,SL4x3.5x0.625L2
SL4X3.5X5/8L3,SL4x3.5x0.625L3
SL4X3.5X5/8L4,SL4x3.5x0.625L4
SL4X3.5X5/8L5,SL4x3.5x0.625L5
SL4X3.5X5/8L6,SL4x3.5x0.625L6
SL4X3.5X7/16L0,SL4x3.5x0.4375L0
SL4X3.5X7/16L2,SL4x3.5x0.4375L2
SL4X3.5X7/16L3,SL4x3.5x0.4375L3
SL4X3.5X7/16L4,SL4x3.5x0.4375L4
SL4X3.5X7/16L5,SL4x3.5x0.4375L5
SL4X3.5X7/16L6,SL4x3.5x0.4375L6
SL4X3X1/2L0,SL4x3x0.5L0
SL4X3X1/2L2,SL4x3x0.5L2
SL4X3X1/2L3,SL4x3x0.5L3
SL4X3X1/2L4,SL4x3x0.5L4
SL4X3X1/2L5,SL4x3x0.5L5
SL4X3X1/2L6,SL4x3x0.5L6
SL4X3X1/4L0,SL4x3x0.25L0
SL4X3X1/4L2,SL4x3x0.25L2
SL4X3X1/4L3,SL4x3x0.25L3
SL4X3X1/4L4,SL4x3x0.25L4
SL4X3X1/4L5,SL4x3x0.25L5
SL4X3X1/4L6,SL4x3x0.25L6
SL4X3X3/8L0,SL4x3x0.375L0
SL4X3X3/8L2,SL4x3x0.375L2
SL4X3X3/8L3,SL4x3x0.375L3
SL4X3X3/8L4,SL4x3x0.375L4
SL4X3X3/8L5,SL4x3x0.375L5
SL4X3X3/8L6,SL4x3x0.375L6
SL4X3X5/16L0,SL4x3x0.3125L0
SL4X3X5/16L2,SL4x3x0.3125L2
SL4X3X5/16L3,SL4x3x0.3125L3
SL4X3X5/16L4,SL4x3x0.3125L4
SL4X3X5/16L5,SL4x3x0.3125L5
SL4X3X5/16L6,SL4x3x0.3125L6
SL4X3X5/8L0,SL4x3x0.625L0
SL4X3X5/8L2,SL4x3x0.625L2
SL4X3X5/8L3,SL4x3x0.625L3
SL4X3X5/8L4,SL4x3x0.625L4
SL4X3X5/8L5,SL4x3x0.625L5
SL4X3X5/8L6,SL4x3x0.625L6
SL4X3X7/16L0,SL4x3x0.4375L0
SL4X3X7/16L2,SL4x3x0.4375L2
SL4X3X7/16L3,SL4x3x0.4375L3
SL4X3X7/16L4,SL4x3x0.4375L4
SL4X3X7/16L5,SL4x3x0.4375L5
SL4X3X7/16L6,SL4x3x0.4375L6
SL4X4X1/2L0,SL4x4x0.5L0
SL4X4X1/2L2,SL4x4x0.5L2
SL4X4X1/2L3,SL4x4x0.5L3
SL4X4X1/2L4,SL4x4x0.5L4
SL4X4X1/2L5,SL4x4x0.5L5
SL4X4X1/2L6,SL4x4x0.5L6
SL4X4X1/4L0,SL4x4x0.25L0
SL4X4X1/4L2,SL4x4x0.25L2
SL4X4X1/4L3,SL4x4x0.25L3
SL4X4X1/4L4,SL4x4x0.25L4
SL4X4X1/4L5,SL4x4x0.25L5
SL4X4X1/4L6,SL4x4x0.25L6
SL4X4X3/4L0,SL4x4x0.75L0
SL4X4X3/4L2,SL4x4x0.75L2
SL4X4X3/4L3,SL4x4x0.75L3
SL4X4X3/4L4,SL4x4x0.75L4
SL4X4X3/4L5,SL4x4x0.75L5
SL4X4X3/4L6,SL4x4x0.75L6
SL4X4X3/8L0,SL4x4x0.375L0
SL4X4X3/8L2,SL4x4x0.375L2
SL4X4X3/8L3,SL4x4x0.375L3
SL4X4X3/8L4,SL4x4x0.375L4
SL4X4X3/8L5,SL4x4x0.375L5
SL4X4X3/8L6,SL4x4x0.375L6
SL4X4X5/16L0,SL4x4x0.3125L0
SL4X4X5/16L2,SL4x4x0.3125L2
SL4X4X5/16L3,SL4x4x0.3125L3
SL4X4X5/16L4,SL4x4x0.3125L4
SL4X4X5/16L5,SL4x4x0.3125L5
SL4X4X5/16L6,SL4x4x0.3125L6
SL4X4X5/8L0,SL4x4x0.625L0
SL4X4X5/8L2,SL4x4x0.625L2
SL4X4X5/8L3,SL4x4x0.625L3
SL4X4X5/8L4,SL4x4x0.625L4
SL4X4X5/8L5,SL4x4x0.625L5
SL4X4X5/8L6,SL4x4x0.625L6
SL4X4X7/16L0,SL4x4x0.4375L0
SL4X4X7/16L2,SL4x4x0.4375L2
SL4X4X7/16L3,SL4x4x0.4375L3
SL4X4X7/16L4,SL4x4x0.4375L4
SL4X4X7/16L5,SL4x4x0.4375L5
SL4X4X7/16L6,SL4x4x0.4375L6
SL5X3.5X1/2L0,SL5x3.5x0.5L0
SL5X3.5X1/2L2,SL5x3.5x0.5L2
SL5X3.5X1/2L3,SL5x3.5x0.5L3
SL5X3.5X1/2L4,SL5x3.5x0.5L4
SL5X3.5X1/2L5,SL5x3.5x0.5L5
SL5X3.5X1/2L6,SL5x3.5x0.5L6
SL5X3.5X1/4L0,SL5x3.5x0.25L0
SL5X3.5X1/4L2,SL5x3.5x0.25L2
SL5X3.5X1/4L3,SL5x3.5x0.25L3
SL5X3.5X1/4L4,SL5x3.5x0.25L4
SL5X3.5X1/4L5,SL5x3.5x0.25L5
SL5X3.5X1/4L6,SL5x3.5x0.25L6
SL5X3.5X3/4L0,SL5x3.5x0.75L0
SL5X3.5X3/4L2,SL5x3.5x0.75L2
SL5X3.5X3/4L3,SL5x3.5x0.75L3
SL5X3.5X3/4L4,SL5x3.5x0.75L4
SL5X3.5X3/4L5,SL5x3.5x0.75L5
SL5X3.5X3/4L6,SL5x3.5x0.75L6
SL5X3.5X3/8L0,SL5x3.5x0.375L0
SL5X3.5X3/8L2,SL5x3.5x0.375L2
SL5X3.5X3/8L3,SL5x3.5x0.375L3
SL5X3.5X3/8L4,SL5x3.5x0.375L4
SL5X3.5X3/8L5,SL5x3.5x0.375L5
SL5X3.5X3/8L6,SL5x3.5x0.375L6
SL5X3.5X5/16L0,SL5x3.5x0.3125L0
SL5X3.5X5/16L2,SL5x3.5x0.3125L2
SL5X3.5X5/16L3,SL5x3.5x0.3125L3
SL5X3.5X5/16L4,SL5x3.5x0.3125L4
SL5X3.5X5/16L5,SL5x3.5x0.3125L5
SL5X3.5X5/16L6,SL5x3.5x0.3125L6
SL5X3.5X5/8L0,SL5x3.5x0.625L0
SL5X3.5X5/8L2,SL5x3.5x0.625L2
SL5X3.5X5/8L3,SL5x3.5x0.625L3
SL5X3.5X5/8L4,SL5x3.5x0.625L4
SL5X3.5X5/8L5,SL5x3.5x0.625L5
SL5X3.5X5/8L6,SL5x3.5x0.625L6
SL5X3.5X7/16L0,SL5x3.5x0.4375L0
SL5X3.5X7/16L2,SL5x3.5x0.4375L2
SL5X3.5X7/16L3,SL5x3.5x0.4375L3
SL5X3.5X7/16L4,SL5x3.5x0.4375L4
SL5X3.5X7/16L5,SL5x3.5x0.4375L5
SL5X3.5X7/16L6,SL5x3.5x0.4375L6
SL5X3X1/2L0,SL5x3x0.5L0
SL5X3X1/2L2,SL5x3x0.5L2
SL5X3X1/2L3,SL5x3x0.5L3
SL5X3X1/2L4,SL5x3x0.5L4
SL5X3X1/2L5,SL5x3x0.5L5
SL5X3X1/2L6,SL5x3x0.5L6
SL5X3X1/4L0,SL5x3x0.25L0
SL5X3X1/4L2,SL5x3x0.25L2
SL5X3X1/4L3,SL5x3x0.25L3
SL5X3X1/4L4,SL5x3x0.25L4
SL5X3X1/4L5,SL5x3x0.25L5
SL5X3X1/4L6,SL5x3x0.25L6
SL5X3X3/8L0,SL5x3x0.375L0
SL5X3X3/8L2,SL5x3x0.375L2
SL5X3X3/8L3,SL5x3x0.375L3
SL5X3X3/8L4,SL5x3x0.375L4
SL5X3X3/8L5,SL5x3x0.375L5
SL5X3X3/8L6,SL5x3x0.375L6
SL5X3X5/16L0,SL5x3x0.3125L0
SL5X3X5/16L2,SL5x3x0.3125L2
SL5X3X5/16L3,SL5x3x0.3125L3
SL5X3X5/16L4,SL5x3x0.3125L4
SL5X3X5/16L5,SL5x3x0.3125L5
SL5X3X5/16L6,SL5x3x0.3125L6
SL5X3X7/16L0,SL5x3x0.4375L0
SL5X3X7/16L2,SL5x3x0.4375L2
SL5X3X7/16L3,SL5x3x0.4375L3
SL5X3X7/16L4,SL5x3x0.4375L4
SL5X3X7/16L5,SL5x3x0.4375L5
SL5X3X7/16L6,SL5x3x0.4375L6
SL5X5X1/2L0,SL5x5x0.5L0
SL5X5X1/2L2,SL5x5x0.5L2
SL5X5X1/2L3,SL5x5x0.5L3
SL5X5X1/2L4,SL5x5x0.5L4
SL5X5X1/2L5,SL5x5x0.5L5
SL5X5X1/2L6,SL5x5x0.5L6
SL5X5X3/4L0,SL5x5x0.75L0
SL5X5X3/4L2,SL5x5x0.75L2
SL5X5X3/4L3,SL5x5x0.75L3
SL5X5X3/4L4,SL5x5x0.75L4
SL5X5X3/4L5,SL5x5x0.75L5
SL5X5X3/4L6,SL5x5x0.75L6
SL5X5X3/8L0,SL5x5x0.375L0
SL5X5X3/8L2,SL5x5x0.375L2
SL5X5X3/8L3,SL5x5x0.375L3
SL5X5X3/8L4,SL5x5x0.375L4
SL5X5X3/8L5,SL5x5x0.375L5
SL5X5X3/8L6,SL5x5x0.375L6
SL5X5X5/16L0,SL5x5x0.3125L0
SL5X5X5/16L2,SL5x5x0.3125L2
SL5X5X5/16L3,SL5x5x0.3125L3
SL5X5X5/16L4,SL5x5x0.3125L4
SL5X5X5/16L5,SL5x5x0.3125L5
SL5X5X5/16L6,SL5x5x0.3125L6
SL5X5X5/8L0,SL5x5x0.625L0
SL5X5X5/8L2,SL5x5x0.625L2
SL5X5X5/8L3,SL5x5x0.625L3
SL5X5X5/8L4,SL5x5x0.625L4
SL5X5X5/8L5,SL5x5x0.625L5
SL5X5X5/8L6,SL5x5x0.625L6
SL5X5X7/16L0,SL5x5x0.4375L0
SL5X5X7/16L2,SL5x5x0.4375L2
SL5X5X7/16L3,SL5x5x0.4375L3
SL5X5X7/16L4,SL5x5x0.4375L4
SL5X5X7/16L5,SL5x5x0.4375L5
SL5X5X7/16L6,SL5x5x0.4375L6
SL5X5X7/8L0,SL5x5x0.875L0
SL5X5X7/8L2,SL5x5x0.875L2
SL5X5X7/8L3,SL5x5x0.875L3
SL5X5X7/8L4,SL5x5x0.875L4
SL5X5X7/8L5,SL5x5x0.875L5
SL5X5X7/8L6,SL5x5x0.875L6
SL6X3.5X1/2L0,SL6x3.5x0.5L0
SL6X3.5X1/2L2,SL6x3.5x0.5L2
SL6X3.5X1/2L3,SL6x3.5x0.5L3
SL6X3.5X1/2L4,SL6x3.5x0.5L4
SL6X3.5X1/2L5,SL6x3.5x0.5L5
SL6X3.5X1/2L6,SL6x3.5x0.5L6
SL6X3.5X1/4L0,SL6x3.5x0.25L0
SL6X3.5X1/4L2,SL6x3.5x0.25L2
SL6X3.5X1/4L3,SL6x3.5x0.25L3
SL6X3.5X1/4L4,SL6x3.5x0.25L4
SL6X3.5X1/4L5,SL6x3.5x0.25L5
SL6X3.5X1/4L6,SL6x3.5x0.25L6
SL6X3.5X3/8L0,SL6x3.5x0.375L0
SL6X3.5X3/8L2,SL6x3.5x0.375L2
SL6X3.5X3/8L3,SL6x3.5x0.375L3
SL6X3.5X3/8L4,SL6x3.5x0.375L4
SL6X3.5X3/8L5,SL6x3.5x0.375L5
SL6X3.5X3/8L6,SL6x3.5x0.375L6
SL6X3.5X5/16L0,SL6x3.5x0.3125L0
SL6X3.5X5/16L2,SL6x3.5x0.3125L2
SL6X3.5X5/16L3,SL6x3.5x0.3125L3
SL6X3.5X5/16L4,SL6x3.5x0.3125L4
SL6X3.5X5/16L5,SL6x3.5x0.3125L5
SL6X3.5X5/16L6,SL6x3.5x0.3125L6
SL6X4X1/2L0,SL6x4x0.5L0
SL6X4X1/2L2,SL6x4x0.5L2
SL6X4X1/2L3,SL6x4x0.5L3
SL6X4X1/2L4,SL6x4x0.5L4
SL6X4X1/2L5,SL6x4x0.5L5
SL6X4X1/2L6,SL6x4x0.5L6
SL6X4X1/4L0,SL6x4x0.25L0
SL6X4X1/4L2,SL6x4x0.25L2
SL6X4X1/4L3,SL6x4x0.25L3
SL6X4X1/4L4,SL6x4x0.25L4
SL6X4X1/4L5,SL6x4x0.25L5
SL6X4X1/4L6,SL6x4x0.25L6
SL6X4X3/4L0,SL6x4x0.75L0
SL6X4X3/4L2,SL6x4x0.75L2
SL6X4X3/4L3,SL6x4x0.75L3
SL6X4X3/4L4,SL6x4x0.75L4
SL6X4X3/4L5,SL6x4x0.75L5
SL6X4X3/4L6,SL6x4x0.75L6
SL6X4X3/8L0,SL6x4x0.375L0
SL6X4X3/8L2,SL6x4x0.375L2
SL6X4X3/8L3,SL6x4x0.375L3
SL6X4X3/8L4,SL6x4x0.375L4
SL6X4X3/8L5,SL6x4x0.375L5
SL6X4X3/8L6,SL6x4x0.375L6
SL6X4X5/16L0,SL6x4x0.3125L0
SL6X4X5/16L2,SL6x4x0.3125L2
SL6X4X5/16L3,SL6x4x0.3125L3
SL6X4X5/16L4,SL6x4x0.3125L4
SL6X4X5/16L5,SL6x4x0.3125L5
SL6X4X5/16L6,SL6x4x0.3125L6
SL6X4X5/8L0,SL6x4x0.625L0
SL6X4X5/8L2,SL6x4x0.625L2
SL6X4X5/8L3,SL6x4x0.625L3
SL6X4X5/8L4,SL6x4x0.625L4
SL6X4X5/8L5,SL6x4x0.625L5
SL6X4X5/8L6,SL6x4x0.625L6
SL6X4X7/16L0,SL6x4x0.4375L0
SL6X4X7/16L2,SL6x4x0.4375L2
SL6X4X7/16L3,SL6x4x0.4375L3
SL6X4X7/16L4,SL6x4x0.4375L4
SL6X4X7/16L5,SL6x4x0.4375L5
SL6X4X7/16L6,SL6x4x0.4375L6
SL6X4X7/8L0,SL6x4x0.875L0
SL6X4X7/8L2,SL6x4x0.875L2
SL6X4X7/8L3,SL6x4x0.875L3
SL6X4X7/8L4,SL6x4x0.875L4
SL6X4X7/8L5,SL6x4x0.875L5
SL6X4X7/8L6,SL6x4x0.875L6
SL6X4X9/16L0,SL6x4x0.5625L0
SL6X4X9/16L2,SL6x4x0.5625L2
SL6X4X9/16L3,SL6x4x0.5625L3
SL6X4X9/16L4,SL6x4x0.5625L4
SL6X4X9/16L5,SL6x4x0.5625L5
SL6X4X9/16L6,SL6x4x0.5625L6
SL6X6X1/2L0,SL6x6x0.5L0
SL6X6X1/2L2,SL6x6x0.5L2
SL6X6X1/2L3,SL6x6x0.5L3
SL6X6X1/2L4,SL6x6x0.5L4
SL6X6X1/2L5,SL6x6x0.5L5
SL6X6X1/2L6,SL6x6x0.5L6
SL6X6X1L0,SL6x6x1L0
SL6X6X1L2,SL6x6x1L2
SL6X6X1L3,SL6x6x1L3
SL6X6X1L4,SL6x6x1L4
SL6X6X1L5,SL6x6x1L5
SL6X6X1L6,SL6x6x1L6
SL6X6X3/4L0,SL6x6x0.75L0
SL6X6X3/4L2,SL6x6x0.75L2
SL6X6X3/4L3,SL6x6x0.75L3
SL6X6X3/4L4,SL6x6x0.75L4
SL6X6X3/4L5,SL6x6x0.75L5
SL6X6X3/4L6,SL6x6x0.75L6
SL6X6X3/8L0,SL6x6x0.375L0
SL6X6X3/8L2,SL6x6x0.375L2
SL6X6X3/8L3,SL6x6x0.375L3
SL6X6X3/8L4,SL6x6x0.375L4
SL6X6X3/8L5,SL6x6x0.375L5
SL6X6X3/8L6,SL6x6x0.375L6
SL6X6X5/16L0,SL6x6x0.3125L0
SL6X6X5/16L2,SL6x6x0.3125L2
SL6X6X5/16L3,SL6x6x0.3125L3
SL6X6X5/16L4,SL6x6x0.3125L4
SL6X6X5/16L5,SL6x6x0.3125L5
SL6X6X5/16L6,SL6x6x0.3125L6
SL6X6X5/8L0,SL6x6x0.625L0
SL6X6X5/8L2,SL6x6x0.625L2
SL6X6X5/8L3,SL6x6x0.625L3
SL6X6X5/8L4,SL6x6x0.625L4
SL6X6X5/8L5,SL6x6x0.625L5
SL6X6X5/8L6,SL6x6x0.625L6
SL6X6X7/16L0,SL6x6x0.4375L0
SL6X6X7/16L2,SL6x6x0.4375L2
SL6X6X7/16L3,SL6x6x0.4375L3
SL6X6X7/16L4,SL6x6x0.4375L4
SL6X6X7/16L5,SL6x6x0.4375L5
SL6X6X7/16L6,SL6x6x0.4375L6
SL6X6X7/8L0,SL6x6x0.875L0
SL6X6X7/8L2,SL6x6x0.875L2
SL6X6X7/8L3,SL6x6x0.875L3
SL6X6X7/8L4,SL6x6x0.875L4
SL6X6X7/8L5,SL6x6x0.875L5
SL6X6X7/8L6,SL6x6x0.875L6
SL6X6X9/16L0,SL6x6x0.5625L0
SL6X6X9/16L2,SL6x6x0.5625L2
SL6X6X9/16L3,SL6x6x0.5625L3
SL6X6X9/16L4,SL6x6x0.5625L4
SL6X6X9/16L5,SL6x6x0.5625L5
SL6X6X9/16L6,SL6x6x0.5625L6
SL7X4X1/2L0,SL7x4x0.5L0
SL7X4X1/2L2,SL7x4x0.5L2
SL7X4X1/2L3,SL7x4x0.5L3
SL7X4X1/2L4,SL7x4x0.5L4
SL7X4X1/2L5,SL7x4x0.5L5
SL7X4X1/2L6,SL7x4x0.5L6
SL7X4X3/4L0,SL7x4x0.75L0
SL7X4X3/4L2,SL7x4x0.75L2
SL7X4X3/4L3,SL7x4x0.75L3
SL7X4X3/4L4,SL7x4x0.75L4
SL7X4X3/4L5,SL7x4x0.75L5
SL7X4X3/4L6,SL7x4x0.75L6
SL7X4X3/8L0,SL7x4x0.375L0
SL7X4X3/8L2,SL7x4x0.375L2
SL7X4X3/8L3,SL7x4x0.375L3
SL7X4X3/8L4,SL7x4x0.375L4
SL7X4X3/8L5,SL7x4x0.375L5
SL7X4X3/8L6,SL7x4x0.375L6
SL7X4X5/8L0,SL7x4x0.625L0
SL7X4X5/8L2,SL7x4x0.625L2
SL7X4X5/8L3,SL7x4x0.625L3
SL7X4X5/8L4,SL7x4x0.625L4
SL7X4X5/8L5,SL7x4x0.625L5
SL7X4X5/8L6,SL7x4x0.625L6
SL7X4X7/16L0,SL7x4x0.4375L0
SL7X4X7/16L2,SL7x4x0.4375L2
SL7X4X7/16L3,SL7x4x0.4375L3
SL7X4X7/16L4,SL7x4x0.4375L4
SL7X4X7/16L5,SL7x4x0.4375L5
SL7X4X7/16L6,SL7x4x0.4375L6
SL7X4X7/8L0,SL7x4x0.875L0
SL7X4X7/8L2,SL7x4x0.875L2
SL7X4X7/8L3,SL7x4x0.875L3
SL7X4X7/8L4,SL7x4x0.875L4
SL7X4X7/8L5,SL7x4x0.875L5
SL7X4X7/8L6,SL7x4x0.875L6
SL7X4X9/16L0,SL7x4x0.5625L0
SL7X4X9/16L2,SL7x4x0.5625L2
SL7X4X9/16L3,SL7x4x0.5625L3
SL7X4X9/16L4,SL7x4x0.5625L4
SL7X4X9/16L5,SL7x4x0.5625L5
SL7X4X9/16L6,SL7x4x0.5625L6
SL8X4X1/2L0,SL8x4x0.5L0
SL8X4X1/2L2,SL8x4x0.5L2
SL8X4X1/2L3,SL8x4x0.5L3
SL8X4X1/2L4,SL8x4x0.5L4
SL8X4X1/2L5,SL8x4x0.5L5
SL8X4X1/2L6,SL8x4x0.5L6
SL8X4X1L0,SL8x4x1L0
SL8X4X1L2,SL8x4x1L2
SL8X4X1L3,SL8x4x1L3
SL8X4X1L4,SL8x4x1L4
SL8X4X1L5,SL8x4x1L5
SL8X4X1L6,SL8x4x1L6
SL8X4X3/4L0,SL8x4x0.75L0
SL8X4X3/4L2,SL8x4x0.75L2
SL8X4X3/4L3,SL8x4x0.75L3
SL8X4X3/4L4,SL8x4x0.75L4
SL8X4X3/4L5,SL8x4x0.75L5
SL8X4X3/4L6,SL8x4x0.75L6
SL8X4X5/8L0,SL8x4x0.625L0
SL8X4X5/8L2,SL8x4x0.625L2
SL8X4X5/8L3,SL8x4x0.625L3
SL8X4X5/8L4,SL8x4x0.625L4
SL8X4X5/8L5,SL8x4x0.625L5
SL8X4X5/8L6,SL8x4x0.625L6
SL8X4X7/16L0,SL8x4x0.4375L0
SL8X4X7/16L2,SL8x4x0.4375L2
SL8X4X7/16L3,SL8x4x0.4375L3
SL8X4X7/16L4,SL8x4x0.4375L4
SL8X4X7/16L5,SL8x4x0.4375L5
SL8X4X7/16L6,SL8x4x0.4375L6
SL8X4X7/8L0,SL8x4x0.875L0
SL8X4X7/8L2,SL8x4x0.875L2
SL8X4X7/8L3,SL8x4x0.875L3
SL8X4X7/8L4,SL8x4x0.875L4
SL8X4X7/8L5,SL8x4x0.875L5
SL8X4X7/8L6,SL8x4x0.875L6
SL8X4X9/16L0,SL8x4x0.5625L0
SL8X4X9/16L2,SL8x4x0.5625L2
SL8X4X9/16L3,SL8x4x0.5625L3
SL8X4X9/16L4,SL8x4x0.5625L4
SL8X4X9/16L5,SL8x4x0.5625L5
SL8X4X9/16L6,SL8x4x0.5625L6
SL8X6X1/2L0,SL8x6x0.5L0
SL8X6X1/2L2,SL8x6x0.5L2
SL8X6X1/2L3,SL8x6x0.5L3
SL8X6X1/2L4,SL8x6x0.5L4
SL8X6X1/2L5,SL8x6x0.5L5
SL8X6X1/2L6,SL8x6x0.5L6
SL8X6X1L0,SL8x6x1L0
SL8X6X1L2,SL8x6x1L2
SL8X6X1L3,SL8x6x1L3
SL8X6X1L4,SL8x6x1L4
SL8X6X1L5,SL8x6x1L5
SL8X6X1L6,SL8x6x1L6
SL8X6X3/4L0,SL8x6x0.75L0
SL8X6X3/4L2,SL8x6x0.75L2
SL8X6X3/4L3,SL8x6x0.75L3
SL8X6X3/4L4,SL8x6x0.75L4
SL8X6X3/4L5,SL8x6x0.75L5
SL8X6X3/4L6,SL8x6x0.75L6
SL8X6X5/8L0,SL8x6x0.625L0
SL8X6X5/8L2,SL8x6x0.625L2
SL8X6X5/8L3,SL8x6x0.625L3
SL8X6X5/8L4,SL8x6x0.625L4
SL8X6X5/8L5,SL8x6x0.625L5
SL8X6X5/8L6,SL8x6x0.625L6
SL8X6X7/16L0,SL8x6x0.4375L0
SL8X6X7/16L2,SL8x6x0.4375L2
SL8X6X7/16L3,SL8x6x0.4375L3
SL8X6X7/16L4,SL8x6x0.4375L4
SL8X6X7/16L5,SL8x6x0.4375L5
SL8X6X7/16L6,SL8x6x0.4375L6
SL8X6X7/8L0,SL8x6x0.875L0
SL8X6X7/8L2,SL8x6x0.875L2
SL8X6X7/8L3,SL8x6x0.875L3
SL8X6X7/8L4,SL8x6x0.875L4
SL8X6X7/8L5,SL8x6x0.875L5
SL8X6X7/8L6,SL8x6x0.875L6
SL8X6X9/16L0,SL8x6x0.5625L0
SL8X6X9/16L2,SL8x6x0.5625L2
SL8X6X9/16L3,SL8x6x0.5625L3
SL8X6X9/16L4,SL8x6x0.5625L4
SL8X6X9/16L5,SL8x6x0.5625L5
SL8X6X9/16L6,SL8x6x0.5625L6
SL8X8X1/2L0,SL8x8x0.5L0
SL8X8X1/2L2,SL8x8x0.5L2
SL8X8X1/2L3,SL8x8x0.5L3
SL8X8X1/2L4,SL8x8x0.5L4
SL8X8X1/2L5,SL8x8x0.5L5
SL8X8X1/2L6,SL8x8x0.5L6
SL8X8X13/8L0,SL8x8x10.375L0
SL8X8X13/8L2,SL8x8x10.375L2
SL8X8X13/8L3,SL8x8x10.375L3
SL8X8X13/8L4,SL8x8x10.375L4
SL8X8X13/8L5,SL8x8x10.375L5
SL8X8X13/8L6,SL8x8x10.375L6
SL8X8X1L0,SL8x8x1L0
SL8X8X1L2,SL8x8x1L2
SL8X8X1L3,SL8x8x1L3
SL8X8X1L4,SL8x8x1L4
SL8X8X1L5,SL8x8x1L5
SL8X8X1L6,SL8x8x1L6
SL8X8X3/4L0,SL8x8x0.75L0
SL8X8X3/4L2,SL8x8x0.75L2
SL8X8X3/4L3,SL8x8x0.75L3
SL8X8X3/4L4,SL8x8x0.75L4
SL8X8X3/4L5,SL8x8x0.75L5
SL8X8X3/4L6,SL8x8x0.75L6
SL8X8X5/8L0,SL8x8x0.625L0
SL8X8X5/8L2,SL8x8x0.625L2
SL8X8X5/8L3,SL8x8x0.625L3
SL8X8X5/8L4,SL8x8x0.625L4
SL8X8X5/8L5,SL8x8x0.625L5
SL8X8X5/8L6,SL8x8x0.625L6
SL8X8X7/8L0,SL8x8x0.875L0
SL8X8X7/8L2,SL8x8x0.875L2
SL8X8X7/8L3,SL8x8x0.875L3
SL8X8X7/8L4,SL8x8x0.875L4
SL8X8X7/8L5,SL8x8x0.875L5
SL8X8X7/8L6,SL8x8x0.875L6
SL8X8X9/16L0,SL8x8x0.5625L0
SL8X8X9/16L2,SL8x8x0.5625L2
SL8X8X9/16L3,SL8x8x0.5625L3
SL8X8X9/16L4,SL8x8x0.5625L4
SL8X8X9/16L5,SL8x8x0.5625L5
SL8X8X9/16L6,SL8x8x0.5625L6
SL9X4X1/2L0,SL9x4x0.5L0
SL9X4X1/2L2,SL9x4x0.5L2
SL9X4X1/2L3,SL9x4x0.5L3
SL9X4X1/2L4,SL9x4x0.5L4
SL9X4X1/2L5,SL9x4x0.5L5
SL9X4X1/2L6,SL9x4x0.5L6
SL9X4X1L0,SL9x4x1L0
SL9X4X1L2,SL9x4x1L2
SL9X4X1L3,SL9x4x1L3
SL9X4X1L4,SL9x4x1L4
SL9X4X1L5,SL9x4x1L5
SL9X4X1L6,SL9x4x1L6
SL9X4X3/4L0,SL9x4x0.75L0
SL9X4X3/4L2,SL9x4x0.75L2
SL9X4X3/4L3,SL9x4x0.75L3
SL9X4X3/4L4,SL9x4x0.75L4
SL9X4X3/4L5,SL9x4x0.75L5
SL9X4X3/4L6,SL9x4x0.75L6
SL9X4X5/8L0,SL9x4x0.625L0
SL9X4X5/8L2,SL9x4x0.625L2
SL9X4X5/8L3,SL9x4x0.625L3
SL9X4X5/8L4,SL9x4x0.625L4
SL9X4X5/8L5,SL9x4x0.625L5
SL9X4X5/8L6,SL9x4x0.625L6
SL9X4X7/8L0,SL9x4x0.875L0
SL9X4X7/8L2,SL9x4x0.875L2
SL9X4X7/8L3,SL9x4x0.875L3
SL9X4X7/8L4,SL9x4x0.875L4
SL9X4X7/8L5,SL9x4x0.875L5
SL9X4X7/8L6,SL9x4x0.875L6
SL9X4X9/16L0,SL9x4x0.5625L0
SL9X4X9/16L2,SL9x4x0.5625L2
SL9X4X9/16L3,SL9x4x0.5625L3
SL9X4X9/16L4,SL9x4x0.5625L4
SL9X4X9/16L5,SL9x4x0.5625L5
SL9X4X9/16L6,SL9x4x0.5625L6
SQUA_10X10X1/2,SQUA_10x10x0.5
SQUA_10X10X1/4,SQUA_10x10x0.25
SQUA_10X10X3/16,SQUA_10x10x0.1875
SQUA_10X10X3/8,SQUA_10x10x0.375
SQUA_10X10X5/16,SQUA_10x10x0.3125
SQUA_10X10X5/8,SQUA_10x10x0.625
SQUA_2X2X1/4,SQUA_2x2x0.25
SQUA_2X2X3/16,SQUA_2x2x0.1875
SQUA_3.5X3.5X1/4,SQUA_3.5x3.5x0.25
SQUA_3.5X3.5X3/16,SQUA_3.5x3.5x0.1875
SQUA_3X3X1/4,SQUA_3x3x0.25
SQUA_3X3X3/16,SQUA_3x3x0.1875
SQUA_4X4X1/2,SQUA_4x4x0.5
SQUA_4X4X1/4,SQUA_4x4x0.25
SQUA_4X4X3/16,SQUA_4x4x0.1875
SQUA_4X4X3/8,SQUA_4x4x0.375
SQUA_4X4X5/16,SQUA_4x4x0.3125
SQUA_5X5X1/2,SQUA_5x5x0.5
SQUA_5X5X1/4,SQUA_5x5x0.25
SQUA_5X5X3/16,SQUA_5x5x0.1875
SQUA_5X5X3/8,SQUA_5x5x0.375
SQUA_5X5X5/16,SQUA_5x5x0.3125
SQUA_6X6X1/2,SQUA_6x6x0.5
SQUA_6X6X1/4,SQUA_6x6x0.25
SQUA_6X6X3/16,SQUA_6x6x0.1875
SQUA_6X6X3/8,SQUA_6x6x0.375
SQUA_6X6X5/16,SQUA_6x6x0.3125
SQUA_7X7X1/2,SQUA_7x7x0.5
SQUA_7X7X1/4,SQUA_7x7x0.25
SQUA_7X7X3/16,SQUA_7x7x0.1875
SQUA_7X7X3/8,SQUA_7x7x0.375
SQUA_7X7X5/16,SQUA_7x7x0.3125
SQUA_8X8X1/2,SQUA_8x8x0.5
SQUA_8X8X1/4,SQUA_8x8x0.25
SQUA_8X8X3/16,SQUA_8x8x0.1875
SQUA_8X8X3/8,SQUA_8x8x0.375
SQUA_8X8X5/16,SQUA_8x8x0.3125
SQUA_8X8X5/8,SQUA_8x8x0.625
ST10X10X1/2,ST10x10x0.5
ST10X10X1/4,ST10x10x0.25
ST10X10X3/8,ST10x10x0.375
ST10X10X5/16,ST10x10x0.3125
ST10X10X5/8,ST10x10x0.625
ST10X2X1/4,ST10x2x0.25
ST10X2X3/16,ST10x2x0.1875
ST10X2X3/8,ST10x2x0.375
ST10X2X5/16,ST10x2x0.3125
ST10X4X1/2,ST10x4x0.5
ST10X4X1/4,ST10x4x0.25
ST10X4X3/16,ST10x4x0.1875
ST10X4X3/8,ST10x4x0.375
ST10X4X5/16,ST10x4x0.3125
ST10X6X1/2,ST10x6x0.5
ST10X6X1/4,ST10x6x0.25
ST10X6X3/16,ST10x6x0.1875
ST10X6X3/8,ST10x6x0.375
ST10X6X5/16,ST10x6x0.3125
ST12X12X1/2,ST12x12x0.5
ST12X12X1/4,ST12x12x0.25
ST12X12X3/8,ST12x12x0.375
ST12X12X5/16,ST12x12x0.3125
ST12X2X1/4,ST12x2x0.25
ST12X2X3/16,ST12x2x0.1875
ST12X4X1/2,ST12x4x0.5
ST12X4X1/4,ST12x4x0.25
ST12X4X3/16,ST12x4x0.1875
ST12X4X3/8,ST12x4x0.375
ST12X4X5/16,ST12x4x0.3125
ST12X6X1/2,ST12x6x0.5
ST12X6X1/4,ST12x6x0.25
ST12X6X3/16,ST12x6x0.1875
ST12X6X3/8,ST12x6x0.375
ST12X6X5/16,ST12x6x0.3125
ST12X8X1/2,ST12x8x0.5
ST12X8X1/4,ST12x8x0.25
ST12X8X3/8,ST12x8x0.375
ST12X8X5/16,ST12x8x0.3125
ST12X8X5/8,ST12x8x0.625
ST14X10X1/2,ST14x10x0.5
ST14X10X3/8,ST14x10x0.375
ST14X10X5/16,ST14x10x0.3125
ST14X14X1/2,ST14x14x0.5
ST14X14X3/8,ST14x14x0.375
ST14X14X5/16,ST14x14x0.3125
ST14X4X1/2,ST14x4x0.5
ST14X4X1/4,ST14x4x0.25
ST14X4X3/8,ST14x4x0.375
ST14X4X5/16,ST14x4x0.3125
ST14X6X1/2,ST14x6x0.5
ST14X6X1/4,ST14x6x0.25
ST14X6X3/8,ST14x6x0.375
ST14X6X5/16,ST14x6x0.3125
ST16X12X1/2,ST16x12x0.5
ST16X12X3/8,ST16x12x0.375
ST16X12X5/16,ST16x12x0.3125
ST16X16X1/2,ST16x16x0.5
ST16X16X3/8,ST16x16x0.375
ST16X16X5/16,ST16x16x0.3125
ST16X4X1/2,ST16x4x0.5
ST16X4X3/8,ST16x4x0.375
ST16X4X5/16,ST16x4x0.3125
ST16X8X1/2,ST16x8x0.5
ST16X8X3/8,ST16x8x0.375
ST16X8X5/16,ST16x8x0.3125
ST18X6X1/2,ST18x6x0.5
ST18X6X3/8,ST18x6x0.375
ST18X6X5/16,ST18x6x0.3125
ST2.5X2.5X1/4,ST2.5x2.5x0.25
ST2.5X2.5X3/16,ST2.5x2.5x0.1875
ST20X12X1/2,ST20x12x0.5
ST20X12X3/8,ST20x12x0.375
ST20X12X5/16,ST20x12x0.3125
ST20X4X1/2,ST20x4x0.5
ST20X4X3/8,ST20x4x0.375
ST20X4X5/16,ST20x4x0.3125
ST20X8X1/2,ST20x8x0.5
ST20X8X3/8,ST20x8x0.375
ST20X8X5/16,ST20x8x0.3125
ST2X2X1/4,ST2x2x0.25
ST2X2X3/16,ST2x2x0.1875
ST3.5X3.5X1/4,ST3.5x3.5x0.25
ST3.5X3.5X3/16,ST3.5x3.5x0.1875
ST3.5X3.5X5/16,ST3.5x3.5x0.3125
ST3X2X1/4,ST3x2x0.25
ST3X2X3/16,ST3x2x0.1875
ST3X3X1/4,ST3x3x0.25
ST3X3X3/16,ST3x3x0.1875
ST3X3X5/16,ST3x3x0.3125
ST4X2X1/4,ST4x2x0.25
ST4X2X3/16,ST4x2x0.1875
ST4X2X5/16,ST4x2x0.3125
ST4X3X1/4,ST4x3x0.25
ST4X3X3/16,ST4x3x0.1875
ST4X3X5/16,ST4x3x0.3125
ST4X4X1/2,ST4x4x0.5
ST4X4X1/4,ST4x4x0.25
ST4X4X3/16,ST4x4x0.1875
ST4X4X3/8,ST4x4x0.375
ST4X4X5/16,ST4x4x0.3125
ST5X2X1/4,ST5x2x0.25
ST5X2X3/16,ST5x2x0.1875
ST5X2X5/16,ST5x2x0.3125
ST5X3X1/2,ST5x3x0.5
ST5X3X1/4,ST5x3x0.25
ST5X3X3/16,ST5x3x0.1875
ST5X3X3/8,ST5x3x0.375
ST5X3X5/16,ST5x3x0.3125
ST5X5X1/2,ST5x5x0.5
ST5X5X1/4,ST5x5x0.25
ST5X5X3/16,ST5x5x0.1875
ST5X5X3/8,ST5x5x0.375
ST5X5X5/16,ST5x5x0.3125
ST6X2X1/4,ST6x2x0.25
ST6X2X3/16,ST6x2x0.1875
ST6X2X3/8,ST6x2x0.375
ST6X2X5/16,ST6x2x0.3125
ST6X3X1/4,ST6x3x0.25
ST6X3X3/16,ST6x3x0.1875
ST6X3X3/8,ST6x3x0.375
ST6X3X5/16,ST6x3x0.3125
ST6X4X1/2,ST6x4x0.5
ST6X4X1/4,ST6x4x0.25
ST6X4X3/16,ST6x4x0.1875
ST6X4X3/8,ST6x4x0.375
ST6X4X5/16,ST6x4x0.3125
ST6X6X1/2,ST6x6x0.5
ST6X6X1/4,ST6x6x0.25
ST6X6X3/16,ST6x6x0.1875
ST6X6X3/8,ST6x6x0.375
ST6X6X5/16,ST6x6x0.3125
ST7X3X1/4,ST7x3x0.25
ST7X3X3/16,ST7x3x0.1875
ST7X3X3/8,ST7x3x0.375
ST7X3X5/16,ST7x3x0.3125
ST7X4X1/4,ST7x4x0.25
ST7X4X3/16,ST7x4x0.1875
ST7X4X3/8,ST7x4x0.375
ST7X4X5/16,ST7x4x0.3125
ST7X5X1/2,ST7x5x0.5
ST7X5X1/4,ST7x5x0.25
ST7X5X3/16,ST7x5x0.1875
ST7X5X3/8,ST7x5x0.375
ST7X5X5/16,ST7x5x0.3125
ST7X7X1/2,ST7x7x0.5
ST7X7X1/4,ST7x7x0.25
ST7X7X3/16,ST7x7x0.1875
ST7X7X3/8,ST7x7x0.375
ST7X7X5/16,ST7x7x0.3125
ST8X2X1/4,ST8x2x0.25
ST8X2X3/16,ST8x2x0.1875
ST8X2X3/8,ST8x2x0.375
ST8X2X5/16,ST8x2x0.3125
ST8X3X1/4,ST8x3x0.25
ST8X3X3/16,ST8x3x0.1875
ST8X3X3/8,ST8x3x0.375
ST8X3X5/16,ST8x3x0.3125
ST8X4X1/2,ST8x4x0.5
ST8X4X1/4,ST8x4x0.25
ST8X4X3/16,ST8x4x0.1875
ST8X4X3/8,ST8x4x0.375
ST8X4X5/16,ST8x4x0.3125
ST8X6X1/2,ST8x6x0.5
ST8X6X1/4,ST8x6x0.25
ST8X6X3/16,ST8x6x0.1875
ST8X6X3/8,ST8x6x0.375
ST8X6X5/16,ST8x6x0.3125
ST8X8X1/2,ST8x8x0.5
ST8X8X1/4,ST8x8x0.25
ST8X8X3/16,ST8x8x0.1875
ST8X8X3/8,ST8x8x0.375
ST8X8X5/16,ST8x8x0.3125
ST8X8X5/8,ST8x8x0.625
W10X100,W10x100
W10X112,W10x112
W10X12,W10x12
W10X15,W10x15
W10X17,W10x17
W10X19,W10x19
W10X22,W10x22
W10X26,W10x26
W10X30,W10x30
W10X33,W10x33
W10X39,W10x39
W10X45,W10x45
W10X49,W10x49
W10X54,W10x54
W10X60,W10x60
W10X68,W10x68
W10X77,W10x77
W10X88,W10x88
W12X106,W12x106
W12X120,W12x120
W12X136,W12x136
W12X14,W12x14
W12X152,W12x152
W12X16,W12x16
W12X170,W12x170
W12X19,W12x19
W12X190,W12x190
W12X22,W12x22
W12X26,W12x26
W12X30,W12x30
W12X35,W12x35
W12X40,W12x40
W12X45,W12x45
W12X50,W12x50
W12X50,W12x50
W12X53,W12x53
W12X58,W12x58
W12X65,W12x65
W12X72,W12x72
W12X79,W12x79
W12X87,W12x87
W12X96,W12x96
W14X109,W14x109
W14X120,W14x120
W14X132,W14x132
W14X145,W14x145
W14X159,W14x159
W14X176,W14x176
W14X193,W14x193
W14X211,W14x211
W14X22,W14x22
W14X233,W14x233
W14X257,W14x257
W14X26,W14x26
W14X283,W14x283
W14X30,W14x30
W14X311,W14x311
W14X34,W14x34
W14X342,W14x342
W14X370,W14x370
W14X38,W14x38
W14X398,W14x398
W14X426,W14x426
W14X43,W14x43
W14X455,W14x455
W14X48,W14x48
W14X500,W14x500
W14X53,W14x53
W14X550,W14x550
W14X605,W14x605
W14X61,W14x61
W14X665,W14x665
W14X68,W14x68
W14X730,W14x730
W14X74,W14x74
W14X82,W14x82
W14X90,W14x90
W14X99,W14x99
W16X100,W16x100
W16X26,W16x26
W16X31,W16x31
W16X36,W16x36
W16X40,W16x40
W16X45,W16x45
W16X50,W16x50
W16X57,W16x57
W16X67,W16x67
W16X77,W16x77
W16X89,W16x89
W18X106,W18x106
W18X119,W18x119
W18X35,W18x35
W18X40,W18x40
W18X46,W18x46
W18X50,W18x50
W18X55,W18x55
W18X60,W18x60
W18X65,W18x65
W18X71,W18x71
W18X76,W18x76
W18X86,W18x86
W18X97,W18x97
W21X101,W21x101
W21X111,W21x111
W21X122,W21x122
W21X132,W21x132
W21X147,W21x147
W21X44,W21x44
W21X50,W21x50
W21X57,W21x57
W21X62,W21x62
W21X68,W21x68
W21X73,W21x73
W21X83,W21x83
W21X93,W21x93
W24X104,W24x104
W24X117,W24x117
W24X131,W24x131
W24X146,W24x146
W24X162,W24x162
W24X55,W24x55
W24X62,W24x62
W24X68,W24x68
W24X76,W24x76
W24X84,W24x84
W24X94,W24x94
W27X102,W27x102
W27X114,W27x114
W27X146,W27x146
W27X161,W27x161
W27X178,W27x178
W27X84,W27x84
W27X94,W27x94
W30X108,W30x108
W30X116,W30x116
W30X124,W30x124
W30X132,W30x132
W30X173,W30x173
W30X191,W30x191
W30X211,W30x211
W30X99,W30x99
W33X118,W33x118
W33X130,W33x130
W33X141,W33x141
W33X152,W33x152
W33X201,W33x201
W33X221,W33x221
W33X241,W33x241
W36X135,W36x135
W36X150,W36x150
W36X160,W36x160
W36X170,W36x170
W36X182,W36x182
W36X194,W36x194
W36X210,W36x210
W36X230,W36x230
W36X245,W36x245
W36X260,W36x260
W36X280,W36x280
W4X13,W4x13
W5X16,W5x16
W5X19,W5x19
W6X12,W6x12
W6X15,W6x15
W6X16,W6x16
W6X20,W6x20
W6X25,W6x25
W6X9,W6x9
W8X10,W8x10
W8X13,W8x13
W8X15,W8x15
W8X18,W8x18
W8X21,W8x21
W8X24,W8x24
W8X24,W8x24
W8X28,W8x28
W8X28,W8x28
W8X31,W8x31
W8X31,W8x31
W8X35,W8x35
W8X40,W8x40
W8X48,W8x48
W8X58,W8x58
W8X67,W8x67
WT10.5X22,WT10.5x22
WT10.5X25,WT10.5x25
WT10.5X28.5,WT10.5x28.5
WT10.5X31,WT10.5x31
WT10.5X34,WT10.5x34
WT10.5X36.5,WT10.5x36.5
WT10.5X41.5,WT10.5x41.5
WT10.5X46.5,WT10.5x46.5
WT10.5X50.5,WT10.5x50.5
WT10.5X55.5,WT10.5x55.5
WT10.5X61,WT10.5x61
WT10.5X66,WT10.5x66
WT10.5X73.5,WT10.5x73.5
WT10.5X83,WT10.5x83
WT12X27.5,WT12x27.5
WT12X31,WT12x31
WT12X34,WT12x34
WT12X38,WT12x38
WT12X42,WT12x42
WT12X47,WT12x47
WT12X51.5,WT12x51.5
WT12X52,WT12x52
WT12X58.5,WT12x58.5
WT12X65.5,WT12x65.5
WT12X73,WT12x73
WT12X81,WT12x81
WT12X88,WT12x88
WT13.5X108.5,WT13.5x108.5
WT13.5X42,WT13.5x42
WT13.5X47,WT13.5x47
WT13.5X51,WT13.5x51
WT13.5X57,WT13.5x57
WT13.5X64.5,WT13.5x64.5
WT13.5X73,WT13.5x73
WT13.5X80.5,WT13.5x80.5
WT13.5X89,WT13.5x89
WT13.5X97,WT13.5x97
WT15X105.5,WT15x105.5
WT15X117.5,WT15x117.5
WT15X49.5,WT15x49.5
WT15X54,WT15x54
WT15X58,WT15x58
WT15X62,WT15x62
WT15X66,WT15x66
WT15X74,WT15x74
WT15X86.5,WT15x86.5
WT15X95.5,WT15x95.5
WT16.5X100.5,WT16.5x100.5
WT16.5X110.5,WT16.5x110.5
WT16.5X120.5,WT16.5x120.5
WT16.5X131.5,WT16.5x131.5
WT16.5X145.5,WT16.5x145.5
WT16.5X159,WT16.5x159
WT16.5X177,WT16.5x177
WT16.5X59,WT16.5x59
WT16.5X65,WT16.5x65
WT16.5X70.5,WT16.5x70.5
WT16.5X76,WT16.5x76
WT16.5X84.5,WT16.5x84.5
WT18X105,WT18x105
WT18X115,WT18x115
WT18X116,WT18x116
WT18X122.5,WT18x122.5
WT18X128,WT18x128
WT18X130,WT18x130
WT18X140,WT18x140
WT18X150,WT18x150
WT18X164,WT18x164
WT18X179.5,WT18x179.5
WT18X67.5,WT18x67.5
WT18X75,WT18x75
WT18X80,WT18x80
WT18X85,WT18x85
WT18X91,WT18x91
WT18X97,WT18x97
WT2.5X8,WT2.5x8
WT2.5X9.5,WT2.5x9.5
WT2X6.5,WT2x6.5
WT3X10,WT3x10
WT3X12.5,WT3x12.5
WT3X4.5,WT3x4.5
WT3X6,WT3x6
WT3X7.5,WT3x7.5
WT3X8,WT3x8
WT4X10.5,WT4x10.5
WT4X12,WT4x12
WT4X14,WT4x14
WT4X15.5,WT4x15.5
WT4X17.5,WT4x17.5
WT4X20,WT4x20
WT4X24,WT4x24
WT4X29,WT4x29
WT4X33.5,WT4x33.5
WT4X5,WT4x5
WT4X6.5,WT4x6.5
WT4X7.5,WT4x7.5
WT4X9,WT4x9
WT5X11,WT5x11
WT5X13,WT5x13
WT5X15,WT5x15
WT5X16.5,WT5x16.5
WT5X19.5,WT5x19.5
WT5X22.5,WT5x22.5
WT5X24.5,WT5x24.5
WT5X27,WT5x27
WT5X30,WT5x30
WT5X34,WT5x34
WT5X38.5,WT5x38.5
WT5X44,WT5x44
WT5X50,WT5x50
WT5X56,WT5x56
WT5X6,WT5x6
WT5X7.5,WT5x7.5
WT5X8.5,WT5x8.5
WT5X9.5,WT5x9.5
WT6X105,WT6x105
WT6X11,WT6x11
WT6X115,WT6x115
WT6X126,WT6x126
WT6X13,WT6x13
WT6X139.5,WT6x139.5
WT6X15,WT6x15
WT6X152.5,WT6x152.5
WT6X168,WT6x168
WT6X17.5,WT6x17.5
WT6X20,WT6x20
WT6X22.5,WT6x22.5
WT6X25,WT6x25
WT6X26.5,WT6x26.5
WT6X29,WT6x29
WT6X32.5,WT6x32.5
WT6X36,WT6x36
WT6X39.5,WT6x39.5
WT6X43.5,WT6x43.5
WT6X48,WT6x48
WT6X53,WT6x53
WT6X60,WT6x60
WT6X68,WT6x68
WT6X7,WT6x7
WT6X76,WT6x76
WT6X8,WT6x8
WT6X85,WT6x85
WT6X9.5,WT6x9.5
WT6X95,WT6x95
WT7X105.5,WT7x105.5
WT7X11,WT7x11
WT7X116.5,WT7x116.5
WT7X128.5,WT7x128.5
WT7X13,WT7x13
WT7X141.5,WT7x141.5
WT7X15,WT7x15
WT7X155.5,WT7x155.5
WT7X17,WT7x17
WT7X171,WT7x171
WT7X185,WT7x185
WT7X19,WT7x19
WT7X199,WT7x199
WT7X21.5,WT7x21.5
WT7X213,WT7x213
WT7X227.5,WT7x227.5
WT7X24,WT7x24
WT7X250,WT7x250
WT7X26.5,WT7x26.5
WT7X275,WT7x275
WT7X30.5,WT7x30.5
WT7X302.5,WT7x302.5
WT7X332.5,WT7x332.5
WT7X34,WT7x34
WT7X365,WT7x365
WT7X37,WT7x37
WT7X41,WT7x41
WT7X45,WT7x45
WT7X49.5,WT7x49.5
WT7X54.5,WT7x54.5
WT7X60,WT7x60
WT7X66,WT7x66
WT7X72.5,WT7x72.5
WT7X79.5,WT7x79.5
WT7X88,WT7x88
WT7X96.5,WT7x96.5
WT8X13,WT8x13
WT8X15.5,WT8x15.5
WT8X18,WT8x18
WT8X20,WT8x20
WT8X22.5,WT8x22.5
WT8X25,WT8x25
WT8X28.5,WT8x28.5
WT8X33.5,WT8x33.5
WT8X38.5,WT8x38.5
WT8X44.5,WT8x44.5
WT8X51,WT8x51
WT9X17.5,WT9x17.5
WT9X20,WT9x20
WT9X23,WT9x23
WT9X25,WT9x25
WT9X27.5,WT9x27.5
WT9X30,WT9x30
WT9X32.5,WT9x32.5
WT9X35.5,WT9x35.5
WT9X38,WT9x38
WT9X43,WT9x43
WT9X48.5,WT9x48.5
WT9X53,WT9x53
WT9X59.5,WT9x59.5
WT9X65,WT9x65
WT9X71.5,WT9x71.5
,
,
,
,
,
,
,
,
,
,
,
,
,
,
,
,
,
,
,
,
,
,
,
,
,
,
,
,
,
,
,
,
,
,
,
,
,
,
,
,
,
,
